bank,index,source_label,decoded_label,slot_bytes,representation,proposed_full_label,fallback_label,status,width_ok,width_error
TT3A,0,Look,SE,3,literal,Look,SE,blocked,True,
TT3A,1,Talk,Talk,4,literal,Talk,,full-word,True,
TT3A,2,Take,GT,3,literal,Take,GT,blocked,True,
TT3A,3,Use,Use,4,literal,Use,,full-word,True,
TT3A,4,Move,Move,4,literal,Move,,full-word,True,
TT3A,5,Area,Area,4,literal,Area,,full-word,True,
TT3A,6,Body,BOD,4,literal,Body,BOD,blocked,True,
TT3A,7,Pocket,POCKT,5,literal,Pocket,POCKT,blocked,True,
TT3A,8,Pliers,PLI,4,literal,Pliers,PLI,blocked,True,
TT3A,9,Out,Out,5,literal,Out,,full-word,True,
TT3A,10,Hit,Hit,4,literal,Hit,,full-word,True,
TT3A,11,Data,Data,4,literal,Data,,full-word,True,
TT3A,12,In,In,5,literal,In,,full-word,True,
TT3A,13,Wall,Wall,3,dictionary,Wall,WL,full-word,True,
TT3A,14,Charm,Charm,5,dictionary,Charm,,full-word,True,
TT3A,15,Out,Out,4,literal,Out,,full-word,True,
TT3A,16,Pass,PS,3,literal,Pass,PS,blocked,True,
TT3A,17,In,In,4,literal,In,,full-word,True,
TT3A,18,Walk,Walk,4,literal,Walk,,full-word,True,
TT3A,19,Floor,FL,3,literal,Floor,FL,blocked,True,
TT3A,20,Nick,Nick,4,literal,Nick,,full-word,True,
TT3A,21,Ralph,RAL,4,literal,Ralph,RAL,blocked,True,
TT3A,22,Frankie,Frankie,5,dictionary,Frankie,Frankie,full-word,True,
TT3A,23,Stove,Stove,5,literal,Stove,,full-word,True,
TT3A,24,Bed,Bed,5,literal,Bed,,full-word,True,
TT3A,25,Shower,Shower,7,dictionary,Shower,,full-word,True,
TT3A,26,Sheet,SHT,4,literal,Sheet,SHT,blocked,True,
TT3A,27,Rub,RB,3,literal,Rub,RB,blocked,True,
TT3A,28,Mattress,MATT,5,literal,Mattress,MATT,blocked,True,
TT3A,29,Tile,Tile,4,literal,Tile,,full-word,True,
TT3A,30,Rock,Rock,4,literal,Rock,,full-word,True,
TT3A,31,Shower,Shower,5,dictionary,Shower,SHWR,full-word,True,
TT3A,32,Wear,WR,3,literal,Wear,WR,blocked,True,
TT3A,33,Tunnel,TUN,4,literal,Tunnel,TUN,blocked,True,
TT3A,34,Soil,SL,3,literal,Soil,SL,blocked,True,
TT3A,35,Front,FR,3,literal,Front,FR,blocked,True,
TT3A,36,Back,Back,4,dictionary,Back,BCK,full-word,True,
TT3A,37,Soldier,SOL,4,literal,Soldier,SOL,blocked,True,
TT3A,38,Yes,Yes,4,dictionary,Yes,,full-word,True,
TT3A,39,No,No,4,literal,No,,full-word,True,
TT3A,40,Gun,Gun,4,literal,Gun,,full-word,True,
TT3A,41,Toss,Toss,4,literal,Toss,,full-word,True,
TT3A,42,Fence,FNC,4,literal,Fence,FNC,blocked,True,
TT3A,43,Woods,WD,3,literal,Woods,WD,blocked,True,
TT3A,44,Bench,BCH,4,literal,Bench,BCH,blocked,True,
TT3A,45,Man,Man,4,dictionary,Man,,full-word,True,
TT3A,46,Simon,SIM,4,literal,Simon,SIM,blocked,True,
TT3A,47,Red,Red,5,literal,Red,,full-word,True,
TT3A,48,Blue,Blue,5,literal,Blue,,full-word,True,
TT3A,49,Notes,Notes,6,dictionary,Notes,,full-word,True,
TT3A,50,Pass,Pass,5,literal,Pass,,full-word,True,
TT3A,51,Greeting,GRT,4,literal,Greeting,GRT,blocked,True,
TT3A,52,Crumple,CRM,4,literal,Crumple,CRM,blocked,True,
TT3A,53,Burn,BRN,4,literal,Burn,BRN,blocked,True,
TT3A,54,Tear,Tear,4,dictionary,Tear,,full-word,True,
TT3A,55,Join,JN,4,literal,Join,JN,blocked,True,
TT3A,56,North,N,3,literal,North,N,blocked,True,
TT3A,57,East,East,4,literal,East,,full-word,True,
TT3A,58,West,W,3,literal,West,W,blocked,True,
TT3A,59,Mill,Mill,7,literal,Mill,,full-word,True,
TT3A,60,Fountain,FNT,4,literal,Fountain,FNT,blocked,True,
TT3A,61,Bottle,BT,3,literal,Bottle,BT,blocked,True,
TT3A,62,Mita,SW,3,literal,Mita,SW,blocked,True,
TT3A,63,No,No,4,literal,No,,full-word,True,
TT3A,64,South,S,4,literal,South,S,blocked,True,
TT3A,65,Get,Get,5,literal,Get,,full-word,True,
TT3A,66,Paper,PP,3,literal,Paper,PP,blocked,True,
TT3A,67,Back,Back,4,dictionary,Back,BCK,full-word,True,
TT3A,68,Trash,Trash,5,literal,Trash,,full-word,True,
TT3A,69,Old man,Old man,5,dictionary,Old man,Old man,full-word,True,
TT3A,70,Gestapo,Gestapo,2,dictionary,Gestapo,Gestapo,full-word,True,
TT3A,71,Ghetto,GHETO,5,literal,Ghetto,GHETO,blocked,True,
TT3A,72,Residence,RESID,6,literal,Residence,RESID,blocked,True,
TT3A,73,Resistance,RESIST,6,literal,Resistance,RESIST,blocked,True,
TT3A,74,Register,REGSTR,6,literal,Register,REGSTR,blocked,True,
TT3A,75,Gunboat,Gunboat,7,literal,Gunboat,,full-word,True,
TT3A,76,Nazi,Nazi,6,literal,Nazi,,full-word,True,
TT3A,77,U-boat,U-boat,6,literal,U-boat,,full-word,True,
TT3A,78,Banana,Banana,7,dictionary,Banana,,full-word,True,
TT3A,79,Gabin,Gabin,5,literal,Gabin,,full-word,True,
TT3A,80,Delon,DLN,4,literal,Delon,DLN,blocked,True,
TT3A,81,Belmondo,BELMO,6,literal,Belmondo,BELMO,blocked,True,
TT3A,82,Philippe,PHIL,6,literal,Philippe,PHIL,blocked,True,
TT3A,83,Truffaut,Truffaut,7,literal,Truffaut,,full-word,True,
TT3A,84,Montgomery,MONTY,6,literal,Montgomery,MONTY,blocked,True,
TT3A,85,Patton,PTTN,5,literal,Patton,PTTN,blocked,True,
TT3A,86,Eisenhower,EISEN,6,literal,Eisenhower,EISEN,blocked,True,
TT3A,87,Roosevelt,ROOSVLT,7,literal,Roosevelt,ROOSVLT,blocked,True,
TT3A,88,Churchill,CHRCHL,6,literal,Churchill,CHRCHL,blocked,True,
TT3A,89,MacArthur,MACARTH,7,literal,MacArthur,MACARTH,blocked,True,
TT3A,90,Yes,Yes,3,dictionary,Yes,YS,full-word,True,
TT3A,91,No,No,4,literal,No,,full-word,True,
TT3A,92,Broom,BRM,4,literal,Broom,BRM,blocked,True,
TT3A,93,Lamp,Lamp,5,literal,Lamp,,full-word,True,
TT3A,94,Woman,WMN,4,literal,Woman,WMN,blocked,True,
TT3B,0,Look,Look,3,dictionary,Look,SE,full-word,True,
TT3B,1,Talk,Talk,4,literal,Talk,,full-word,True,
TT3B,2,Take,Take,3,dictionary,Take,GT,full-word,True,
TT3B,3,Use,Use,4,literal,Use,,full-word,True,
TT3B,4,Move,Move,4,literal,Move,,full-word,True,
TT3B,5,Area,Area,4,dictionary,Area,,full-word,True,
TT3B,6,Mill,Mill,7,dictionary,Mill,,full-word,True,
TT3B,7,Simon,SIM,4,literal,Simon,SIM,blocked,True,
TT3B,8,Woman,Woman,4,dictionary,Woman,WMN,full-word,True,
TT3B,9,Gun,Gun,4,literal,Gun,,full-word,True,
TT3B,10,Charm,Charm,5,literal,Charm,,full-word,True,
TT3B,11,Schmidt,Schmidt,6,dictionary,Schmidt,Schmidt,full-word,True,
TT3B,12,Out,Out,6,literal,Out,,full-word,True,
TT3B,13,Fight,Fight,4,dictionary,Fight,Fight,full-word,True,
TT3B,14,Guard,Guard,5,literal,Guard,,full-word,True,
TT3B,15,Run,Run,4,literal,Run,,full-word,True,
TT3B,16,Ask,AS,3,literal,Ask,AS,blocked,True,
TT3B,17,Road,RD,3,literal,Road,RD,blocked,True,
TT3B,18,Text,TX,3,literal,Text,TX,blocked,True,
TT3B,19,Hitler,Hitler,5,dictionary,Hitler,Hitler,full-word,True,
TT3B,20,Cougar,Cougar,2,dictionary,Cougar,Cougar,full-word,True,
TT1B,0,Look,Look,3,dictionary,Look,Look,full-word,True,
TT1B,1,Talk,Talk,4,literal,Talk,,full-word,True,
TT1B,2,Move,Move,4,literal,Move,,full-word,True,
TT1B,3,Sky,Sky,3,dictionary,Sky,Sky,full-word,True,
TT1B,4,Area,Area,4,literal,Area,,full-word,True,
TT1B,5,Museum,Museum,2,dictionary,Museum,Museum,full-word,True,
TT1B,6,Sign,Sign,3,dictionary,Sign,Sign,full-word,True,
TT1B,7,Body,Body,2,dictionary,Body,Body,full-word,True,
TT1B,8,East,East,4,literal,East,,full-word,True,
TT1B,9,West,West,3,dictionary,West,West,full-word,True,
TT1B,10,Use,Use,4,literal,Use,,full-word,True,
TT1B,11,Fight,Fight,5,literal,Fight,,full-word,True,
TT1B,12,Poke,Poke,5,literal,Poke,,full-word,True,
TT1B,13,Walk,Walk,4,literal,Walk,,full-word,True,
TT1B,14,Pot,Pot,3,dictionary,Pot,Pot,full-word,True,
TT1B,15,Case,Case,5,literal,Case,,full-word,True,
TT1B,16,Room,Room,5,literal,Room,,full-word,True,
TT1B,17,Girl,Girl,5,literal,Girl,,full-word,True,
TT1B,18,Fiend,Fiend,5,literal,Fiend,,full-word,True,
TT1B,19,Charm,Charm,5,literal,Charm,,full-word,True,
TT1B,20,Hold,Hold,5,literal,Hold,,full-word,True,
TT1B,21,Hug,Hug,5,literal,Hug,,full-word,True,
TT1B,22,Smile,Smile,6,literal,Smile,,full-word,True,
TT1B,23,Praise,Praise,4,dictionary,Praise,Praise,full-word,True,
TT1B,24,Yell,Yell,4,literal,Yell,,full-word,True,
TT1B,25,Eyes,Eyes,2,dictionary,Eyes,Eyes,full-word,True,
TT1B,26,Nose,Nose,3,dictionary,Nose,Nose,full-word,True,
TT1B,27,Ears,Ears,3,dictionary,Ears,Ears,full-word,True,
TT1B,28,Chest,Chest,3,dictionary,Chest,Chest,full-word,True,
TT1B,29,Man,Man,4,literal,Man,,full-word,True,
TT1B,30,Map,Map,3,dictionary,Map,Map,full-word,True,
TT1B,31,North,North,3,dictionary,North,North,full-word,True,
TT1B,32,House,House,3,dictionary,House,House,full-word,True,
TT1B,33,Plate,Plate,5,literal,Plate,,full-word,True,
TT1B,34,Call,Call,6,literal,Call,,full-word,True,
TT1B,35,News,News,5,literal,News,,full-word,True,
TT1B,36,Lens,Lens,5,literal,Lens,,full-word,True,
TT1B,37,Picture,Picture,2,dictionary,Picture,Picture,full-word,True,
TT1B,38,Elder,Elder,5,literal,Elder,,full-word,True,
TT1B,39,Out,Out,4,literal,Out,,full-word,True,
TT1B,40,Land,Land,4,literal,Land,,full-word,True,
TT1B,41,Go,Go,4,literal,Go,,full-word,True,
TT1B,42,Back,Back,4,dictionary,Back,Back,full-word,True,
TT1B,43,Simon,Simon,2,dictionary,Simon,Simon,full-word,True,
TT1B,44,In,In,3,literal,In,,full-word,True,
TT1B,45,Ask,Ask,3,dictionary,Ask,Ask,full-word,True,
TT1B,46,Church,Church,5,dictionary,Church,Church,full-word,True,
TT1B,47,Priest,Priest,4,dictionary,Priest,Priest,full-word,True,
TT1B,48,Member,Member,2,dictionary,Member,Member,full-word,True,
TT1B,49,Sermon,Sermon,6,literal,Sermon,,full-word,True,
TT1B,50,Devil,Devil,2,dictionary,Devil,Devil,full-word,True,
TT1B,51,Belt,Belt,5,literal,Belt,,full-word,True,
TT1B,52,Run,Run,4,literal,Run,,full-word,True,
TT2,0,Look,SE,3,literal,Look,SE,blocked,True,
TT2,1,Talk,Talk,4,literal,Talk,,full-word,True,
TT2,2,Take,Take,3,dictionary,Take,GT,full-word,True,
TT2,3,Use,Use,4,literal,Use,,full-word,True,
TT2,4,Ask,AS,3,literal,Ask,AS,blocked,True,
TT2,5,Smell,SN,3,literal,Smell,SN,blocked,True,
TT2,6,Move,Move,4,literal,Move,,full-word,True,
TT2,7,In,In,5,literal,In,,full-word,True,
TT2,8,Pierre,Pierre,5,dictionary,Pierre,PIER,full-word,True,
TT2,9,Body,BOD,4,literal,Body,BOD,blocked,True,
TT2,10,Glass,GLS,4,literal,Glass,GLS,blocked,True,
TT2,11,Wine,Wine,4,dictionary,Wine,,full-word,True,
TT2,12,Empty,Empty,5,literal,Empty,,full-word,True,
TT2,13,Drink,DR,3,literal,Drink,DR,blocked,True,
TT2,14,Robe,RB,3,literal,Robe,RB,blocked,True,
TT2,15,Key,KY,3,literal,Key,KY,blocked,True,
TT2,16,Out,Out,4,literal,Out,,full-word,True,
TT2,17,Data,Data,4,literal,Data,,full-word,True,
TT2,18,Walk,Walk,4,literal,Walk,,full-word,True,
TT2,19,Area,Area,4,dictionary,Area,,full-word,True,
TT2,20,Sign,Sign,5,literal,Sign,,full-word,True,
TT2,21,Post,Post,5,literal,Post,,full-word,True,
TT2,22,Bottle,BT,3,literal,Bottle,BT,blocked,True,
TT2,23,Wear,ON,3,literal,Wear,ON,blocked,True,
TT2,24,Remove,OF,3,literal,Remove,OF,blocked,True,
TT2,25,Man,Man,4,dictionary,Man,,full-word,True,
TT2,26,Damascus,DAM,5,literal,Damascus,DAM,blocked,True,
TT2,27,Jerusalem,JERUS,5,literal,Jerusalem,JERUS,blocked,True,
TT2,28,Crimea,CRI,4,literal,Crimea,CRI,blocked,True,
TT2,29,Hundred Years,100,5,literal,Hundred Years,100,blocked,True,
TT2,30,Pacific,PAC,6,literal,Pacific,PAC,blocked,True,
TT2,31,Merchants,MER,5,literal,Merchants,MER,blocked,True,
TT2,32,Commoners,COM,4,literal,Commoners,COM,blocked,True,
TT2,33,Actors,ACT,5,literal,Actors,ACT,blocked,True,
TT2,34,Criminals,CRK,5,literal,Criminals,CRK,blocked,True,
TT2,35,Guild,Guild,4,dictionary,Guild,GDE,full-word,True,
TT2,36,Zois,ZOI,4,literal,Zois,ZOI,blocked,True,
TT2,37,Geld,GEL,4,literal,Geld,GEL,blocked,True,
TT2,38,Guild,Guild,4,dictionary,Guild,GLD,full-word,True,
TT2,39,Oido,Oido,4,literal,Oido,,full-word,True,
TT2,40,da Vinci,VINCI,6,literal,da Vinci,VINCI,blocked,True,
TT2,41,Lacoste,CST,5,literal,Lacoste,CST,blocked,True,
TT2,42,De Palma,PAL,6,literal,De Palma,PAL,blocked,True,
TT2,43,Nero,Nero,6,dictionary,Nero,,full-word,True,
TT2,44,Dante,Dante,7,dictionary,Dante,,full-word,True,
TT2,45,U Thant,THA,5,literal,U Thant,THA,blocked,True,
TT2,46,Tools,TLS,4,literal,Tools,TLS,blocked,True,
TT2,47,Move,Move,4,literal,Move,,full-word,True,
TT2,48,Box,Box,6,literal,Box,,full-word,True,
TT2,49,Chino,Chino,3,dictionary,Chino,Chino,full-word,True,
TT2,50,Gordo,Gordo,5,dictionary,Gordo,,full-word,True,
TT2,51,White,WT,3,literal,White,WT,blocked,True,
TT2,52,No,No,4,literal,No,,full-word,True,
TT2,53,Lugot,Lugot,4,dictionary,Lugot,Lugot,full-word,True,
TT2,54,Yes,Yes,5,literal,Yes,,full-word,True,
TT2,55,No,No,4,literal,No,,full-word,True,
TT2,56,All,AL,3,literal,All,AL,blocked,True,
TT2,57,Guard,Guard,4,dictionary,Guard,Guard,full-word,True,
TT2,58,Crowd,Crowd,2,dictionary,Crowd,CROWD,full-word,True,
TT2,59,Building,BLD,4,literal,Building,BLD,blocked,True,
TT2,60,Jail,Jail,5,literal,Jail,,full-word,True,
TT2,61,Town,TN,3,literal,Town,TN,blocked,True,
TT2,62,Jail,Jail,5,literal,Jail,,full-word,True,
TT2,63,Woman,WMN,4,literal,Woman,WMN,blocked,True,
TT2,64,Cell,Cell,4,literal,Cell,,full-word,True,
TT2,65,Bishop,Bishop,2,dictionary,Bishop,Bishop,full-word,True,
TT2,66,Jeanne,Jeanne,2,dictionary,Jeanne,Jeanne,full-word,True,
TT2,67,Rope,Rope,4,literal,Rope,,full-word,True,
TT2,68,Lamp,Lamp,4,literal,Lamp,,full-word,True,
TT2,69,Cell,Cell,4,literal,Cell,,full-word,True,
T22,0,Look,Look,3,dictionary,Look,SE,full-word,True,
T22,1,Talk,Talk,4,literal,Talk,,full-word,True,
T22,2,Use,Use,4,literal,Use,,full-word,True,
T22,3,Ask,Ask,3,dictionary,Ask,AS,full-word,True,
T22,4,Move,Move,4,literal,Move,,full-word,True,
T22,5,Baron,Baron,6,dictionary,Baron,,full-word,True,
T22,6,Jailer,Jailer,5,dictionary,Jailer,Jailer,full-word,True,
T22,7,Woman,Woman,4,dictionary,Woman,WMN,full-word,True,
T22,8,Robe,RB,3,literal,Robe,RB,blocked,True,
T22,9,Key,KY,3,literal,Key,KY,blocked,True,
T22,10,Pact,Pact,6,literal,Pact,,full-word,True,
T22,11,Remove,OF,3,literal,Remove,OF,blocked,True,
T22,12,Cell,Cell,4,literal,Cell,,full-word,True,
T22,13,Out,Out,4,literal,Out,,full-word,True,
T22,14,Take,Take,3,dictionary,Take,GT,full-word,True,
T22,15,Passage,PS,3,literal,Passage,PS,blocked,True,
T22,16,In,In,5,literal,In,,full-word,True,
T22,17,Chino,Chino,3,dictionary,Chino,Chino,full-word,True,
T22,18,Well,WL,3,literal,Well,WL,blocked,True,
T22,19,Rope,Rope,4,literal,Rope,,full-word,True,
T22,20,Hill,HL,3,literal,Hill,HL,blocked,True,
T22,21,Jail,JAL,4,literal,Jail,JAL,blocked,True,
T22,22,Open,Open,4,literal,Open,,full-word,True,
T22,23,Box,B,3,literal,Box,B,blocked,True,
T22,24,Paper,PPR,4,literal,Paper,PPR,blocked,True,
T22,25,Back,BCK,4,literal,Back,BCK,blocked,True,
T22,26,Scaffold,Scaffold,7,literal,Scaffold,,full-word,True,
T22,27,Jeanne,Jeanne,2,dictionary,Jeanne,Jeanne,full-word,True,
T22,28,Bishop,Bishop,2,dictionary,Bishop,Bishop,full-word,True,
T22,29,Lugot,Lugot,4,dictionary,Lugot,Lugot,full-word,True,
T22,30,Crowd,Crowd,2,dictionary,Crowd,CROWD,full-word,True,
T22,31,Prison,PRIS,5,literal,Prison,PRIS,blocked,True,
T22,32,Move,Move,4,literal,Move,,full-word,True,
TT6C,0,Look,Look,3,dictionary,Look,SE,full-word,True,
TT6C,1,Down,D,2,literal,Down,D,blocked,True,
TT6C,2,Leap,Leap,5,literal,Leap,,full-word,True,
TT6C,3,Take,GT,3,literal,Take,GT,blocked,True,
TT6C,4,Jar,JR,3,literal,Jar,JR,blocked,True,
TT6C,5,Talk,Talk,4,literal,Talk,,full-word,True,
TT6C,6,Ask,AS,3,literal,Ask,AS,blocked,True,
TT6C,7,Eat,Eat,4,literal,Eat,,full-word,True,
TT6C,8,Use,Use,4,literal,Use,,full-word,True,
TT6C,9,Room,Room,5,literal,Room,,full-word,True,
TT6C,10,Joseph,JOS,4,literal,Joseph,JOS,blocked,True,
TT6C,11,Mary,Mary,4,literal,Mary,,full-word,True,
TT6C,12,Baby,B,2,literal,Baby,B,blocked,True,
TT6C,13,Men,Men,5,literal,Men,,full-word,True,
TT6C,14,My body,MY BOD,6,literal,My body,MY BOD,blocked,True,
TT6C,15,Kashim,KSH,4,literal,Kashim,KSH,blocked,True,
TT6C,16,Body,BOD,4,literal,Body,BOD,blocked,True,
TT6C,17,Time Belt,TBELT,6,literal,Time Belt,TBELT,blocked,True,
TT6C,18,Move,Move,4,literal,Move,,full-word,True,
TT6C,19,Open,Open,4,literal,Open,,full-word,True,
TT6C,20,Move,Move,4,literal,Move,,full-word,True,
TT6C,21,Area,Area,4,literal,Area,,full-word,True,
TT6C,22,Ground,GND,4,literal,Ground,GND,blocked,True,
TT6C,23,Hill,HL,3,literal,Hill,HL,blocked,True,
TT6C,24,Panel,PNL,4,literal,Panel,PNL,blocked,True,
TT6C,25,Yes,YS,3,literal,Yes,YS,blocked,True,
TT6C,26,Lid,LD,3,literal,Lid,LD,blocked,True,
TT6C,27,North,N,3,literal,North,N,blocked,True,
TT6C,28,East,East,4,literal,East,,full-word,True,
TT6C,29,West,W,3,literal,West,W,blocked,True,
TT6C,30,South,S,4,literal,South,S,blocked,True,
TT6C,31,Road,RD,3,literal,Road,RD,blocked,True,
TT6C,32,Bones,Bones,5,literal,Bones,,full-word,True,
TT6C,33,Paper,P,2,literal,Paper,P,blocked,True,
TT6C,34,Text,TX,3,literal,Text,TX,blocked,True,
TT6C,35,Outside,OT,3,literal,Outside,OT,blocked,True,
TT6C,36,Four,4,3,literal,Four,4,blocked,True,
TT6C,37,Five,5,3,literal,Five,5,blocked,True,
TT6C,38,Six,6,3,literal,Six,6,blocked,True,
TT6C,39,Seven,7,3,literal,Seven,7,blocked,True,
TT6C,40,Cougar,Cougar,5,dictionary,Cougar,Cougar,full-word,True,
TT6C,41,Ruger,Ruger,5,dictionary,Ruger,,full-word,True,
TT6C,42,Hauer,Hauer,5,dictionary,Hauer,,full-word,True,
TT6C,43,Berger,Berger,5,dictionary,Berger,Berger,full-word,True,
TT6C,44,Glazier,GLZR,5,literal,Glazier,GLZR,blocked,True,
TT6C,45,Blacksmith,SMT,4,literal,Blacksmith,SMT,blocked,True,
TT6C,46,Tavern,TAVN,4,literal,Tavern,TAVN,blocked,True,
TT6C,47,Tailor,TLR,4,literal,Tailor,TLR,blocked,True,
TT6C,48,Catherine,CATH,5,literal,Catherine,CATH,blocked,True,
TT6C,49,Mylene,MYLEN,5,literal,Mylene,MYLEN,blocked,True,
TT6C,50,Laura,LRA,4,literal,Laura,LRA,blocked,True,
TT6C,51,Isabel,ISABL,5,literal,Isabel,ISABL,blocked,True,
TT6C,52,Morocco,MOROC,5,literal,Morocco,MOROC,blocked,True,
TT6C,53,Rebecca,REBEC,5,literal,Rebecca,REBEC,blocked,True,
TT6C,54,Bread,Bread,5,literal,Bread,,full-word,True,
TT6C,55,Trader,Trader,5,dictionary,Trader,TRAD,full-word,True,
TT6C,56,Austria,AUST,6,literal,Austria,AUST,blocked,True,
TT6C,57,France,FRAN,4,literal,France,FRAN,blocked,True,
TT6C,58,Switzerland,SWIS,4,literal,Switzerland,SWIS,blocked,True,
TT6C,59,Belgium,BELG,5,literal,Belgium,BELG,blocked,True,
TT6C,60,Plantain,PLANT,5,literal,Plantain,PLANT,blocked,True,
TT6C,61,Amacha,Amacha,7,literal,Amacha,,full-word,True,
TT6C,62,Fish mint,DOKU,5,literal,Fish mint,DOKU,blocked,True,
TT6C,63,Swertia,SENBR,5,literal,Swertia,SENBR,blocked,True,
TT6C,64,Daedalus,DAEDL,5,literal,Daedalus,DAEDL,blocked,True,
TT6C,65,Centaur,CENTA,6,literal,Centaur,CENTA,blocked,True,
TT6C,66,Atlas,ATL,4,literal,Atlas,ATL,blocked,True,
TT6C,67,Cerberus,CERBR,5,literal,Cerberus,CERBR,blocked,True,
TT6C,68,Fred,Fred,5,literal,Fred,,full-word,True,
TT6C,69,Bob,Bob,4,literal,Bob,,full-word,True,
TT6C,70,Tom,TM,3,literal,Tom,TM,blocked,True,
TT6C,71,Jim,JM,3,literal,Jim,JM,blocked,True,
TT6C,72,Serow,SRW,4,literal,Serow,SRW,blocked,True,
TT6C,73,Coyote,COY,5,literal,Coyote,COY,blocked,True,
TT6C,74,Reindeer,REIN,4,literal,Reindeer,REIN,blocked,True,
TT6C,75,Puma,Puma,5,literal,Puma,,full-word,True,
TT6C,76,Gold,Gold,6,literal,Gold,,full-word,True,
TT6C,77,Silver,Silver,7,dictionary,Silver,,full-word,True,
TT6C,78,Copper,Copper,7,dictionary,Copper,,full-word,True,
TT6C,79,Tin,Tin,7,dictionary,Tin,,full-word,True,
TT6C,80,Magdala,MAGDA,5,literal,Magdala,MAGDA,blocked,True,
TT6C,81,Nazareth,NZR,4,literal,Nazareth,NZR,blocked,True,
TT6C,82,Bethlehem,BETH,5,literal,Bethlehem,BETH,blocked,True,
TT6C,83,Jerusalem,JERUS,5,literal,Jerusalem,JERUS,blocked,True,
TT6C,84,Bishop,BISH,5,literal,Bishop,BISH,blocked,True,
TT6C,85,Meyer,Meyer,5,dictionary,Meyer,,full-word,True,
TT6C,86,Hitler,Hitler,5,dictionary,Hitler,HITLR,full-word,True,
TT6C,87,Nick,Nick,4,literal,Nick,,full-word,True,
TT6C,88,Jeanne,JEAN,5,literal,Jeanne,JEAN,blocked,True,
TT6C,89,Alexander,ALEX,6,literal,Alexander,ALEX,blocked,True,
TT6C,90,Lincoln,LINC,5,literal,Lincoln,LINC,blocked,True,
TT6C,91,Left,Left,4,literal,Left,,full-word,True,
TT6C,92,Up,Up,3,literal,Up,,full-word,True,
TT6C,93,Right,R,3,literal,Right,R,blocked,True,
TT6B,0,Look,Look,3,dictionary,Look,SE,full-word,True,
TT6B,1,Ask,Ask,3,dictionary,Ask,AS,full-word,True,
TT6B,2,Smell,SM,3,literal,Smell,SM,blocked,True,
TT6B,3,Hold,Hold,4,literal,Hold,,full-word,True,
TT6B,4,Move,Move,4,literal,Move,,full-word,True,
TT6B,5,Area,Area,4,literal,Area,,full-word,True,
TT6B,6,Joseph,JOS,4,literal,Joseph,JOS,blocked,True,
TT6B,7,Mary,Mary,4,dictionary,Mary,,full-word,True,
TT6B,8,Body,BOD,4,literal,Body,BOD,blocked,True,
TT6B,9,Soil,SL,3,literal,Soil,SL,blocked,True,
TT6B,10,Glare,GLR,4,literal,Glare,GLR,blocked,True,
TT6B,11,Yell,Yell,4,literal,Yell,,full-word,True,
TT6B,12,Tongue,Tongue,5,dictionary,Tongue,TONG,full-word,True,
TT6B,13,Wink,Wink,6,literal,Wink,,full-word,True,
TT6B,14,Talk,Talk,4,literal,Talk,,full-word,True,
TT6B,15,Eat,Eat,4,literal,Eat,,full-word,True,
TT6B,16,Tent,Tent,4,literal,Tent,,full-word,True,
TT6B,17,Camel,Camel,4,dictionary,Camel,CML,full-word,True,
TT6B,18,Men,Men,5,literal,Men,,full-word,True,
TT6B,19,North,N,3,literal,North,N,blocked,True,
TT6B,20,East,East,4,literal,East,,full-word,True,
TT6B,21,West,W,3,literal,West,W,blocked,True,
TT6B,22,South,S,4,literal,South,S,blocked,True,
TT6B,23,Forward,FWD,4,literal,Forward,FWD,blocked,True,
TT6B,24,Back,BCK,4,literal,Back,BCK,blocked,True,
TT6B,25,Fight,Fight,5,literal,Fight,,full-word,True,
TT6B,26,Walk,Walk,4,literal,Walk,,full-word,True,
TT6B,27,Room,Room,5,literal,Room,,full-word,True,
TT6B,28,Trough,TRGH,5,literal,Trough,TRGH,blocked,True,
TT6B,29,Horse,HR,3,literal,Horse,HR,blocked,True,
TT6B,30,Sheep,Sheep,4,dictionary,Sheep,SHP,full-word,True,
TT6B,31,Cow,Cow,3,dictionary,Cow,CW,full-word,True,
TT6B,32,Dung,Dung,4,literal,Dung,,full-word,True,
TT6B,33,Wisdom,WIS,4,literal,Wisdom,WIS,blocked,True,
TT6B,34,Knowledge,KNOW,5,literal,Knowledge,KNOW,blocked,True,
TT6B,35,Isis,Isis,4,literal,Isis,,full-word,True,
TT6B,36,Baal,BAL,4,literal,Baal,BAL,blocked,True,
TT6B,37,Jehovah,JHV,4,literal,Jehovah,JHV,blocked,True,
TT6B,38,Iraq,Iraq,4,literal,Iraq,,full-word,True,
TT6B,39,Jordan,JORDN,5,literal,Jordan,JORDN,blocked,True,
TT6B,40,Syria,SYR,4,literal,Syria,SYR,blocked,True,
TT6B,41,Egypt,Egypt,5,literal,Egypt,,full-word,True,
TT6B,42,David,David,5,literal,David,,full-word,True,
TT6B,43,Solomon,SOLO,4,literal,Solomon,SOLO,blocked,True,
TT6B,44,Samson,SAM,4,literal,Samson,SAM,blocked,True,
TT6B,45,Jacob,JAC,4,literal,Jacob,JAC,blocked,True,
TT6B,46,Isaac,ISC,4,literal,Isaac,ISC,blocked,True,
TT6B,47,Saddam,SADM,4,literal,Saddam,SADM,blocked,True,
TT6B,48,Abraham,ABRAM,5,literal,Abraham,ABRAM,blocked,True,
TT6B,49,Satan,SATN,4,literal,Satan,SATN,blocked,True,
TT6B,50,Christ,CST,4,literal,Christ,CST,blocked,True,
TT6B,51,Zoroaster,ZORO,7,literal,Zoroaster,ZORO,blocked,True,
TT6B,52,Oil,Oil,4,literal,Oil,,full-word,True,
TT6B,53,Hay,Hay,4,literal,Hay,,full-word,True,
TT6B,54,Wag,Wag,7,literal,Wag,,full-word,True,
TT6B,55,Fleas,Fleas,5,literal,Fleas,,full-word,True,
TT6B,56,Hug,Hug,5,literal,Hug,,full-word,True,
TT6B,57,Smile,Smile,6,literal,Smile,,full-word,True,
TT6B,58,Praise,PRSE,4,literal,Praise,PRSE,blocked,True,
TT6B,59,Hoof,Hoof,4,literal,Hoof,,full-word,True,
TT6B,60,Tail,Tail,4,literal,Tail,,full-word,True,
TT6B,61,Mane,Mane,5,dictionary,Mane,,full-word,True,
TT6A,0,Look,Look,3,dictionary,Look,SE,full-word,True,
TT6A,1,Ask,Ask,3,dictionary,Ask,AS,full-word,True,
TT6A,2,Smell,Smell,3,dictionary,Smell,SM,full-word,True,
TT6A,3,Hold,Hold,4,literal,Hold,,full-word,True,
TT6A,4,Move,Move,4,literal,Move,,full-word,True,
TT6A,5,Area,Area,4,literal,Area,,full-word,True,
TT6A,6,Sky,Sky,3,dictionary,Sky,SK,full-word,True,
TT6A,7,Body,Body,4,dictionary,Body,BOD,full-word,True,
TT6A,8,Joseph,Joseph,4,dictionary,Joseph,JOS,full-word,True,
TT6A,9,Nod,Nod,5,literal,Nod,,full-word,True,
TT6A,10,Turn,Turn,5,literal,Turn,,full-word,True,
TT6A,11,Soil,Soil,3,dictionary,Soil,SL,full-word,True,
TT6A,12,Village,Village,3,dictionary,Village,VL,full-word,True,
TT6A,13,Drink,Drink,3,dictionary,Drink,DR,full-word,True,
TT6A,14,Data,Data,4,literal,Data,,full-word,True,
TT6A,15,Elder,Elder,5,dictionary,Elder,,full-word,True,
TT6A,16,Kid,Kid,4,literal,Kid,,full-word,True,
TT6A,17,Well,Well,3,dictionary,Well,WL,full-word,True,
TT6A,18,Trough,Trough,5,dictionary,Trough,TRGH,full-word,True,
TT6A,19,Rope,Rope,3,dictionary,Rope,RP,full-word,True,
TT6A,20,Hay,Hay,4,literal,Hay,,full-word,True,
TT6A,21,Water,Water,6,dictionary,Water,,full-word,True,
TT6A,22,Hill,Hill,3,dictionary,Hill,HL,full-word,True,
TT6A,23,Right house,R H,5,literal,Right house,R H,blocked,True,
TT6A,24,Left house,L HSE,6,literal,Left house,L HSE,blocked,True,
TT6A,25,River,RV,3,literal,River,RV,blocked,True,
TT6A,26,Room,Room,5,literal,Room,,full-word,True,
TT6A,27,Mary,Mary,4,literal,Mary,,full-word,True,
TT6A,28,Bowl,BL,4,literal,Bowl,BL,blocked,True,
TT6A,29,Mill,Mill,4,dictionary,Mill,,full-word,True,
TT6A,30,Bracelet,BRC,4,literal,Bracelet,BRC,blocked,True,
TT6A,31,Necklace,NECK,6,literal,Necklace,NECK,blocked,True,
TT6A,32,Wheat,WT,4,literal,Wheat,WT,blocked,True,
TT6A,33,Out,Out,4,literal,Out,,full-word,True,
TT6A,34,On,On,3,literal,On,,full-word,True,
TT6A,35,Down,Down,4,literal,Down,,full-word,True,
TT6A,36,Tools,TOOL,4,literal,Tools,TOOL,blocked,True,
TT6A,37,Stand,BD,3,literal,Stand,BD,blocked,True,
TT6A,38,On stand,ON BD,5,literal,On stand,ON BD,blocked,True,
TT6A,39,Tile,Tile,4,literal,Tile,,full-word,True,
TT6A,40,Kids,Kids,5,literal,Kids,,full-word,True,
TT4,0,Look,SE,3,literal,Look,SE,blocked,True,
TT4,1,Talk,Talk,4,literal,Talk,,full-word,True,
TT4,2,Treat,Treat,5,dictionary,Treat,,full-word,True,
TT4,3,Use,Use,4,literal,Use,,full-word,True,
TT4,4,Silver coin,S,2,literal,Silver coin,S,blocked,True,
TT4,5,Move,Move,4,literal,Move,,full-word,True,
TT4,6,In,In,5,literal,In,,full-word,True,
TT4,7,Statue,STAT,5,literal,Statue,STAT,blocked,True,
TT4,8,Priest,PRST,4,literal,Priest,PRST,blocked,True,
TT4,9,Head,HD,3,literal,Head,HD,blocked,True,
TT4,10,Slap,Slap,6,literal,Slap,,full-word,True,
TT4,11,Press,Press,5,literal,Press,,full-word,True,
TT4,12,Chin,Chin,7,dictionary,Chin,,full-word,True,
TT4,13,Knee,Knee,7,literal,Knee,,full-word,True,
TT4,14,Ears,Ears,6,literal,Ears,,full-word,True,
TT4,15,Eyes,Eyes,6,literal,Eyes,,full-word,True,
TT4,16,Nose,Nose,6,literal,Nose,,full-word,True,
TT4,17,Pause,Pause,6,literal,Pause,,full-word,True,
TT4,18,Continuous,CONT,5,literal,Continuous,CONT,blocked,True,
TT4,19,Olive,O,2,literal,Olive,O,blocked,True,
TT4,20,Oil,Oil,4,literal,Oil,,full-word,True,
TT4,21,Bell,BL,3,literal,Bell,BL,blocked,True,
TT4,22,Give,GV,4,literal,Give,GV,blocked,True,
TT4,23,Eat,Eat,4,literal,Eat,,full-word,True,
TT4,24,Lick,Lick,4,literal,Lick,,full-word,True,
TT4,25,Out,Out,4,literal,Out,,full-word,True,
TT4,26,Area,Area,4,dictionary,Area,,full-word,True,
TT4,27,Building,BLD,4,literal,Building,BLD,blocked,True,
TT4,28,Merchant,MRCH,5,literal,Merchant,MRCH,blocked,True,
TT4,29,Man,Man,4,literal,Man,,full-word,True,
TT4,30,Body,BOD,4,literal,Body,BOD,blocked,True,
TT4,31,Soil,SL,3,literal,Soil,SL,blocked,True,
TT4,32,Buy,BY,3,literal,Buy,BY,blocked,True,
TT4,33,Herb,H,2,literal,Herb,H,blocked,True,
TT4,34,No,No,4,literal,No,,full-word,True,
TT4,35,Temple,TMPL,5,literal,Temple,TMPL,blocked,True,
TT4,36,South,South,4,dictionary,South,,full-word,True,
TT4,37,Data,Data,4,literal,Data,,full-word,True,
TT4,38,Dario,DAR,4,literal,Dario,DAR,blocked,True,
TT4,39,Youth,Youth,4,dictionary,Youth,YTH,full-word,True,
TT4,40,Up,Up,4,literal,Up,,full-word,True,
TT4,41,Down,Down,4,literal,Down,,full-word,True,
TT4,42,Level,LVL,4,literal,Level,LVL,blocked,True,
TT4,43,Warm,Warm,5,literal,Warm,,full-word,True,
TT4,44,Cool,Cool,4,literal,Cool,,full-word,True,
TT4,45,Massage,RB,3,literal,Massage,RB,blocked,True,
TT4,46,Crush,Crush,7,literal,Crush,,full-word,True,
TT4,47,Prick,Prick,7,literal,Prick,,full-word,True,
TT4,48,None,None,6,literal,None,,full-word,True,
TT4,49,Oil,Oil,6,literal,Oil,,full-word,True,
TT4,50,Wrap,Wrap,5,literal,Wrap,,full-word,True,
TT4,51,North,N,3,literal,North,N,blocked,True,
TT4,52,East,East,4,literal,East,,full-word,True,
TT4,53,West,W,3,literal,West,W,blocked,True,
TT4,54,Girl,GRL,4,literal,Girl,GRL,blocked,True,
TT4,55,Mother,MOM,4,literal,Mother,MOM,blocked,True,
TT4,56,Plant,Plant,5,literal,Plant,,full-word,True,
TT4,57,Fish mint,DOKU,5,literal,Fish mint,DOKU,blocked,True,
TT4,58,Jiaogulan,JIAO,7,literal,Jiaogulan,JIAO,blocked,True,
TT4,59,Grind,Grind,5,dictionary,Grind,,full-word,True,
TT4,60,Boil,Boil,5,literal,Boil,,full-word,True,
TT4,61,Road,RD,3,literal,Road,RD,blocked,True,
TT4,62,Take,TK,3,literal,Take,TK,blocked,True,
TT4,63,Soldier,SOL,4,literal,Soldier,SOL,blocked,True,
TT4,64,Spear,SP,3,literal,Spear,SP,blocked,True,
TT4,65,Swing,Swing,5,dictionary,Swing,,full-word,True,
TT4,66,Back,BCK,4,literal,Back,BCK,blocked,True,
TT4,67,Walk,Walk,4,literal,Walk,,full-word,True,
TT4,68,Socrates,SOCR,5,literal,Socrates,SOCR,blocked,True,
TT4,69,Pythagoras,PYTH,6,literal,Pythagoras,PYTH,blocked,True,
TT4,70,Plato,Plato,5,literal,Plato,,full-word,True,
TT4,71,Herodotus,HEROD,5,literal,Herodotus,HEROD,blocked,True,
TT4,72,Homer,HOM,4,literal,Homer,HOM,blocked,True,
TT4,73,Sea,Sea,3,dictionary,Sea,SE,full-word,True,
TT4,74,Fish,Fish,5,literal,Fish,,full-word,True,
TT4,75,Kid,Kid,4,literal,Kid,,full-word,True,
TT4,76,Nicras,NIC,4,literal,Nicras,NIC,blocked,True,
TT4,77,Polis,POL,4,literal,Polis,POL,blocked,True,
TT4,78,Aristotle,ARIS,4,literal,Aristotle,ARIS,blocked,True,
TT4,79,Imelda,IMEL,5,literal,Imelda,IMEL,blocked,True,
TT4,80,Jakarta,JAKAR,6,literal,Jakarta,JAKAR,blocked,True,
TT4,81,Sparta,SPAR,5,literal,Sparta,SPAR,blocked,True,
TT4,82,Daedalus,DAEDAL,6,literal,Daedalus,DAEDAL,blocked,True,
TT4,83,Heracles,HERAC,5,literal,Heracles,HERAC,blocked,True,
TT4,84,Napoleon,NAPOL,5,literal,Napoleon,NAPOL,blocked,True,
TT4,85,Gorbachev,GORBY,7,literal,Gorbachev,GORBY,blocked,True,
TT4,86,Agamemnon,AGAM,6,literal,Agamemnon,AGAM,blocked,True,
TT4,87,Kannon,KAN,4,literal,Kannon,KAN,blocked,True,
TT4,88,Partisan,PARTSN,6,literal,Partisan,PARTSN,blocked,True,
TT4,89,Aisnon,AISNO,5,literal,Aisnon,AISNO,blocked,True,
TT4,90,Parthenon,PARTH,5,literal,Parthenon,PARTH,blocked,True,
TT4,91,Strawberry,STR,4,literal,Strawberry,STR,blocked,True,
TT4,92,Melon,MEL,4,literal,Melon,MEL,blocked,True,
TT4,93,Fig,Fig,5,literal,Fig,,full-word,True,
TT4,94,Rice,Rice,5,literal,Rice,,full-word,True,
TT4,95,Pearl,Pearl,5,dictionary,Pearl,,full-word,True,
TT4,96,Coffee,COFE,5,literal,Coffee,COFE,blocked,True,
TT5,0,Look,SE,3,literal,Look,SE,blocked,True,
TT5,1,Talk,Talk,4,literal,Talk,,full-word,True,
TT5,2,Ask,AS,3,literal,Ask,AS,blocked,True,
TT5,3,Move,Move,4,literal,Move,,full-word,True,
TT5,4,George,George,6,dictionary,George,,full-word,True,
TT5,5,Bell,BL,3,literal,Bell,BL,blocked,True,
TT5,6,Men,Men,5,literal,Men,,full-word,True,
TT5,7,Area,Area,4,dictionary,Area,,full-word,True,
TT5,8,Ruins,RUIN,4,literal,Ruins,RUIN,blocked,True,
TT5,9,Hoofprints,TRACK,6,literal,Hoofprints,TRACK,blocked,True,
TT5,10,North,N,3,literal,North,N,blocked,True,
TT5,11,East,East,4,literal,East,,full-word,True,
TT5,12,West,W,3,literal,West,W,blocked,True,
TT5,13,Take,GT,3,literal,Take,GT,blocked,True,
TT5,14,Open,Open,4,literal,Open,,full-word,True,
TT5,15,Data,Data,4,literal,Data,,full-word,True,
TT5,16,Room,Room,5,literal,Room,,full-word,True,
TT5,17,Money,MN,3,literal,Money,MN,blocked,True,
TT5,18,Woods,WD,3,literal,Woods,WD,blocked,True,
TT5,19,Drawer,Drawer,5,dictionary,Drawer,DRAW,full-word,True,
TT5,20,Out,Out,4,literal,Out,,full-word,True,
TT5,21,Use,Use,4,literal,Use,,full-word,True,
TT5,22,Cotton,CT,3,literal,Cotton,CT,blocked,True,
TT5,23,Yes,YS,3,literal,Yes,YS,blocked,True,
TT5,24,No,No,4,literal,No,,full-word,True,
TT5,25,Okay,Okay,6,literal,Okay,,full-word,True,
TT5,26,Again,Again,5,literal,Again,,full-word,True,
TT5,27,Schedule,Schedule,7,literal,Schedule,,full-word,True,
TT5,28,Call,Call,7,literal,Call,,full-word,True,
TT5,29,Water,Water,5,dictionary,Water,,full-word,True,
TT5,30,Cotton,COT,4,literal,Cotton,COT,blocked,True,
TT5,31,Roof,Roof,6,literal,Roof,,full-word,True,
TT5,32,Wood,Wood,4,literal,Wood,,full-word,True,
TT5,33,Weed,Weed,5,dictionary,Weed,,full-word,True,
TT5,34,4 cups,4B,4,literal,4 cups,4B,blocked,True,
TT5,35,6 cups,6B,4,literal,6 cups,6B,blocked,True,
TT5,36,8 cups,8B,4,literal,8 cups,8B,blocked,True,
TT5,37,10 cups,10B,5,literal,10 cups,10B,blocked,True,
TT5,38,25 baskets,25,4,literal,25 baskets,25,blocked,True,
TT5,39,26 baskets,26,4,literal,26 baskets,26,blocked,True,
TT5,40,27 baskets,27,4,literal,27 baskets,27,blocked,True,
TT5,41,28 baskets,28,4,literal,28 baskets,28,blocked,True,
TT5,42,1 place,1P,5,literal,1 place,1P,blocked,True,
TT5,43,2 places,2P,5,literal,2 places,2P,blocked,True,
TT5,44,3 places,3P,5,literal,3 places,3P,blocked,True,
TT5,45,4 places,4P,5,literal,4 places,4P,blocked,True,
TT5,46,60 centimeters,60 CM,6,literal,60 centimeters,60 CM,blocked,True,
TT5,47,65 centimeters,65 CM,6,literal,65 centimeters,65 CM,blocked,True,
TT5,48,70 centimeters,70 CM,6,literal,70 centimeters,70 CM,blocked,True,
TT5,49,75 centimeters,75 CM,6,literal,75 centimeters,75 CM,blocked,True,
TT5,50,30 minutes,30M,5,literal,30 minutes,30M,blocked,True,
TT5,51,60 minutes,60M,5,literal,60 minutes,60M,blocked,True,
TT5,52,90 minutes,90M,5,literal,90 minutes,90M,blocked,True,
TT5,53,120 minutes,120M,7,literal,120 minutes,120M,blocked,True,
TT5,54,Time,TM,3,literal,Time,TM,blocked,True,
TT5,55,Trader,Trader,5,dictionary,Trader,TRDR,full-word,True,
TT5,56,Marine,Marine,6,dictionary,Marine,,full-word,True,
TT5,57,Cavalry,CAV,5,literal,Cavalry,CAV,blocked,True,
TT5,58,Red,Red,4,literal,Red,,full-word,True,
TT5,59,White,WT,4,literal,White,WT,blocked,True,
TT5,60,Black,BK,4,literal,Black,BK,blocked,True,
TT5,61,Madame Dewi,DEWI,6,literal,Madame Dewi,DEWI,blocked,True,
TT5,62,Mrs. Stowe,STOWE,6,literal,Mrs. Stowe,STOWE,blocked,True,
TT5,63,Mrs. Akino,AKINO,6,literal,Mrs. Akino,AKINO,blocked,True,
TT5,64,Mrs. Mary,MARY,7,literal,Mrs. Mary,MARY,blocked,True,
TT5,65,Whitney,Whitney,7,literal,Whitney,,full-word,True,
TT5,66,Kilauea,KILAU,5,literal,Kilauea,KILAU,blocked,True,
TT5,67,Etna,Etna,4,literal,Etna,,full-word,True,
TT5,68,Rushmore,RUSH,5,literal,Rushmore,RUSH,blocked,True,
TT5,69,Oiwake,OIWA,4,literal,Oiwake,OIWA,blocked,True,
TT5,70,Projector,PROJ,5,literal,Projector,PROJ,blocked,True,
TT5,71,Gin,Gin,5,literal,Gin,,full-word,True,
TT5,72,Plow,Plow,5,literal,Plow,,full-word,True,
TT5,73,Camera,Camera,5,dictionary,Camera,CAM,full-word,True,
TT5,74,Airplane,AIR,4,literal,Airplane,AIR,blocked,True,
TT5,75,VCR,VCR,7,literal,VCR,,full-word,True,
TT5,76,Back,BCK,4,literal,Back,BCK,blocked,True,
TT5,77,Answer,ANS,4,literal,Answer,ANS,blocked,True,
TT5,78,Problem,PROB,5,literal,Problem,PROB,blocked,True,
TT5,79,Cow,CW,3,literal,Cow,CW,blocked,True,
TT5,80,Sheep,SHP,4,literal,Sheep,SHP,blocked,True,
TT5,81,Pig,PG,3,literal,Pig,PG,blocked,True,
TT5,82,One,One,4,literal,One,,full-word,True,
TT5,83,Two,Two,4,literal,Two,,full-word,True,
TT5,84,Three,3,4,literal,Three,3,blocked,True,
TT5,85,Four,Four,4,dictionary,Four,,full-word,True,
TT5,86,Five,Five,4,literal,Five,,full-word,True,
TT5,87,Six,Six,4,literal,Six,,full-word,True,
TT5,88,Seven,7,4,literal,Seven,7,blocked,True,
TT5,89,Eight,8,4,literal,Eight,8,blocked,True,
TT5,90,Tens,Tens,6,literal,Tens,,full-word,True,
TT5,91,Ones,Ones,5,literal,Ones,,full-word,True,
TT5,92,Zero,0,2,literal,Zero,0,blocked,True,
TT5,93,One,1,2,literal,One,1,blocked,True,
TT5,94,Two,2,2,literal,Two,2,blocked,True,
TT5,95,Three,3,2,literal,Three,3,blocked,True,
TT5,96,Four,4,2,literal,Four,4,blocked,True,
TT5,97,Five,5,2,literal,Five,5,blocked,True,
TT5,98,Six up,Six up,6,literal,Six up,,full-word,True,
TT5,99,Six,6,2,literal,Six,6,blocked,True,
TT5,100,Seven,7,2,literal,Seven,7,blocked,True,
TT5,101,Eight,8,2,literal,Eight,8,blocked,True,
TT5,102,Nine,9,2,literal,Nine,9,blocked,True,
TT5,103,Pour,Pour,4,dictionary,Pour,,full-word,True,
TT5,104,End,End,4,literal,End,,full-word,True,
TT5,105,Large,Large,5,dictionary,Large,,full-word,True,
TT5,106,Medium,Medium,6,literal,Medium,,full-word,True,
TT5,107,Small,SM,4,literal,Small,SM,blocked,True,
TT5,108,Mansion,MANR,4,literal,Mansion,MANR,blocked,True,
TT5,109,Meyer,Meyer,5,dictionary,Meyer,,full-word,True,
TT5,110,Cave,Cave,4,literal,Cave,,full-word,True,
TT5,111,Statue,STAT,5,literal,Statue,STAT,blocked,True,
TT5,112,In,In,3,literal,In,,full-word,True,
T25,0,Look,Look,3,dictionary,Look,SE,full-word,True,
T25,1,Talk,Talk,4,literal,Talk,,full-word,True,
T25,2,Use,Use,4,literal,Use,,full-word,True,
T25,3,Move,Move,4,literal,Move,,full-word,True,
T25,4,Sky,Sky,3,dictionary,Sky,SK,full-word,True,
T25,5,Soldier,Soldier,4,dictionary,Soldier,SOL,full-word,True,
T25,6,Coffee,Coffee,5,dictionary,Coffee,COFE,full-word,True,
T25,7,Outside,Outside,4,dictionary,Outside,OFR,full-word,True,
T25,8,Mansion,Mansion,6,dictionary,Mansion,MANR,full-word,True,
T25,9,Room,Room,5,literal,Room,,full-word,True,
T25,10,Wagon,Wagon,4,dictionary,Wagon,WGN,full-word,True,
T25,11,Meyer,Meyer,5,dictionary,Meyer,,full-word,True,
T25,12,George,George,6,literal,George,,full-word,True,
T25,13,Lincoln,Lincoln,5,dictionary,Lincoln,LINC,full-word,True,
T25,14,Pot,Pot,4,literal,Pot,,full-word,True,
T25,15,Out,Out,4,literal,Out,,full-word,True,
T25,16,Wood,Wood,5,literal,Wood,,full-word,True,
T25,17,Hall,Hall,4,literal,Hall,,full-word,True,
T25,18,Area,Area,4,literal,Area,,full-word,True,
T25,19,Guest,Guest,5,dictionary,Guest,,full-word,True,
T25,20,Study,Study,5,literal,Study,,full-word,True,
T25,21,Stair,Stair,5,literal,Stair,,full-word,True,
T25,22,Take,GT,3,literal,Take,GT,blocked,True,
T25,23,Open,Open,4,literal,Open,,full-word,True,
T25,24,Desk,Desk,4,dictionary,Desk,,full-word,True,
T25,25,Drawer,Drawer,5,dictionary,Drawer,DRAW,full-word,True,
T25,26,First,First,5,literal,First,,full-word,True,
T25,27,Second,Second,5,dictionary,Second,2ND,full-word,True,
T25,28,Third,Third,5,dictionary,Third,,full-word,True,
T25,29,Picture,Picture,2,dictionary,Picture,P,full-word,True,
T25,30,Ask,Ask,3,dictionary,Ask,AS,full-word,True,
T25,31,Hide,Hide,4,literal,Hide,,full-word,True,
T25,32,Down,Down,4,literal,Down,,full-word,True,
T25,33,Up,Up,4,literal,Up,,full-word,True,
T25,34,On,On,3,literal,On,,full-word,True,
T25,35,Boat,Boat,7,literal,Boat,,full-word,True,
T25,36,Coyote,Coyote,5,dictionary,Coyote,COY,full-word,True,
T25,37,River,RV,3,literal,River,RV,blocked,True,
T25,38,Me,Me,3,literal,Me,,full-word,True,
T25,39,Coyote 1,Coyote 1,6,dictionary,Coyote 1,COY1,full-word,True,
T25,40,Coyote 2,Coyote 2,6,dictionary,Coyote 2,COY2,full-word,True,
T25,41,Coyote 3,Coyote 3,6,dictionary,Coyote 3,COY3,full-word,True,
