bank,index,old,new,slot,literal_size,priority,category,reason,blocker,next_step
TT3A,7,POCKT,Pocket,5,6,75,object,needs_dictionary_low_priority,requires new dictionary/compression work beyond existing or safely reusable slots,candidate for deeper recompression if visual polish warrants it
TT3A,8,PLI,Pliers,4,6,75,object,needs_dictionary_low_priority,requires new dictionary/compression work beyond existing or safely reusable slots,candidate for deeper recompression if visual polish warrants it
TT3A,19,FL,Floor,3,5,70,place,needs_dictionary_low_priority,requires new dictionary/compression work beyond existing or safely reusable slots,candidate for deeper recompression if visual polish warrants it
TT3A,21,RAL,Ralph,4,5,70,name,needs_dictionary_low_priority,requires new dictionary/compression work beyond existing or safely reusable slots,candidate for deeper recompression if visual polish warrants it
TT3A,26,SHT,Sheet,4,5,70,object,needs_dictionary_low_priority,requires new dictionary/compression work beyond existing or safely reusable slots,candidate for deeper recompression if visual polish warrants it
TT3A,28,MATT,Mattress,5,7,70,object,needs_dictionary_low_priority,requires new dictionary/compression work beyond existing or safely reusable slots,candidate for deeper recompression if visual polish warrants it
TT3A,33,TUN,Tunnel,4,6,70,place,needs_dictionary_low_priority,requires new dictionary/compression work beyond existing or safely reusable slots,candidate for deeper recompression if visual polish warrants it
TT3A,34,SL,Soil,3,4,65,object,needs_dictionary_low_priority,requires new dictionary/compression work beyond existing or safely reusable slots,candidate for deeper recompression if visual polish warrants it
TT3A,35,FR,Front,3,5,70,place,needs_dictionary_low_priority,requires new dictionary/compression work beyond existing or safely reusable slots,candidate for deeper recompression if visual polish warrants it
TT3A,37,SOL,Soldier,4,7,80,person,needs_dictionary_low_priority,requires new dictionary/compression work beyond existing or safely reusable slots,candidate for deeper recompression if visual polish warrants it
TT3A,42,FNC,Fence,4,5,70,object,needs_dictionary_low_priority,requires new dictionary/compression work beyond existing or safely reusable slots,candidate for deeper recompression if visual polish warrants it
TT3A,43,WD,Woods,3,5,70,place,needs_dictionary_low_priority,requires new dictionary/compression work beyond existing or safely reusable slots,candidate for deeper recompression if visual polish warrants it
TT3A,44,BCH,Bench,4,5,70,object,needs_dictionary_low_priority,requires new dictionary/compression work beyond existing or safely reusable slots,candidate for deeper recompression if visual polish warrants it
TT3A,46,SIM,Simon,4,5,70,name,needs_dictionary_low_priority,requires new dictionary/compression work beyond existing or safely reusable slots,candidate for deeper recompression if visual polish warrants it
TT3A,51,GRT,Greeting,4,8,65,action,needs_dictionary_low_priority,requires new dictionary/compression work beyond existing or safely reusable slots,candidate for deeper recompression if visual polish warrants it
TT3A,52,CRM,Crumple,4,7,65,action,needs_dictionary_low_priority,requires new dictionary/compression work beyond existing or safely reusable slots,candidate for deeper recompression if visual polish warrants it
TT3A,53,BRN,Burn,4,5,65,action,needs_dictionary_low_priority,requires new dictionary/compression work beyond existing or safely reusable slots,candidate for deeper recompression if visual polish warrants it
TT3A,60,FNT,Fountain,4,7,65,place,needs_dictionary_low_priority,requires new dictionary/compression work beyond existing or safely reusable slots,candidate for deeper recompression if visual polish warrants it
TT3A,61,BT,Bottle,3,6,85,object,needs_dictionary_low_priority,requires new dictionary/compression work beyond existing or safely reusable slots,candidate for deeper recompression if visual polish warrants it
TT3A,71,GHETO,Ghetto,5,6,70,place,needs_dictionary_low_priority,requires new dictionary/compression work beyond existing or safely reusable slots,candidate for deeper recompression if visual polish warrants it
TT3A,72,RESID,Residence,6,8,70,place,needs_dictionary_low_priority,requires new dictionary/compression work beyond existing or safely reusable slots,candidate for deeper recompression if visual polish warrants it
TT3A,73,RESIST,Resistance,6,9,70,group,needs_dictionary_low_priority,requires new dictionary/compression work beyond existing or safely reusable slots,candidate for deeper recompression if visual polish warrants it
TT3A,74,REGSTR,Register,6,7,70,object,needs_dictionary_low_priority,requires new dictionary/compression work beyond existing or safely reusable slots,candidate for deeper recompression if visual polish warrants it
TT3A,80,DLN,Delon,4,5,65,name,needs_dictionary_low_priority,requires new dictionary/compression work beyond existing or safely reusable slots,candidate for deeper recompression if visual polish warrants it
TT3A,81,BELMO,Belmondo,6,8,65,name,needs_dictionary_low_priority,requires new dictionary/compression work beyond existing or safely reusable slots,candidate for deeper recompression if visual polish warrants it
TT3A,82,PHIL,Philippe,6,7,65,name,needs_dictionary_low_priority,requires new dictionary/compression work beyond existing or safely reusable slots,candidate for deeper recompression if visual polish warrants it
TT3A,84,MONTY,Montgomery,6,9,65,name,needs_dictionary_low_priority,requires new dictionary/compression work beyond existing or safely reusable slots,candidate for deeper recompression if visual polish warrants it
TT3A,85,PTTN,Patton,5,6,65,name,needs_dictionary_low_priority,requires new dictionary/compression work beyond existing or safely reusable slots,candidate for deeper recompression if visual polish warrants it
TT3A,86,EISEN,Eisenhower,6,9,65,name,needs_dictionary_low_priority,requires new dictionary/compression work beyond existing or safely reusable slots,candidate for deeper recompression if visual polish warrants it
TT3A,87,ROOSVLT,Roosevelt,7,8,80,name,needs_dictionary_low_priority,requires new dictionary/compression work beyond existing or safely reusable slots,candidate for deeper recompression if visual polish warrants it
TT3A,88,CHRCHL,Churchill,6,8,80,name,needs_dictionary_low_priority,requires new dictionary/compression work beyond existing or safely reusable slots,candidate for deeper recompression if visual polish warrants it
TT3A,89,MACARTH,MacArthur,7,8,65,name,needs_dictionary_low_priority,requires new dictionary/compression work beyond existing or safely reusable slots,candidate for deeper recompression if visual polish warrants it
TT3A,92,BRM,Broom,4,5,65,object,needs_dictionary_low_priority,requires new dictionary/compression work beyond existing or safely reusable slots,candidate for deeper recompression if visual polish warrants it
TT3A,94,WMN,Woman,4,5,80,person,needs_dictionary_low_priority,requires new dictionary/compression work beyond existing or safely reusable slots,candidate for deeper recompression if visual polish warrants it
TT3A,0,SE,Look,3,4,100,command,required_dictionary_overran_bank,requires new dictionary/compression work beyond existing or safely reusable slots,priority target for deeper recompression or table relocation branch
TT3A,2,GT,Take,3,4,100,command,required_dictionary_overran_bank,requires new dictionary/compression work beyond existing or safely reusable slots,priority target for deeper recompression or table relocation branch
TT3A,6,BOD,Body,4,5,95,object,required_dictionary_overran_bank,requires new dictionary/compression work beyond existing or safely reusable slots,candidate for deeper recompression if visual polish warrants it
TT3A,32,WR,Wear,3,4,100,command,required_dictionary_overran_bank,requires new dictionary/compression work beyond existing or safely reusable slots,priority target for deeper recompression or table relocation branch
TT3A,36,BCK,Back,4,5,95,navigation,required_dictionary_overran_bank,requires new dictionary/compression work beyond existing or safely reusable slots,priority target for deeper recompression or table relocation branch
TT3A,56,N,North,3,5,100,compass,required_dictionary_overran_bank,requires new dictionary/compression work beyond existing or safely reusable slots,priority target for deeper recompression or table relocation branch
TT3A,58,W,West,3,4,100,compass,required_dictionary_overran_bank,requires new dictionary/compression work beyond existing or safely reusable slots,priority target for deeper recompression or table relocation branch
TT3A,64,S,South,4,5,100,compass,required_dictionary_overran_bank,requires new dictionary/compression work beyond existing or safely reusable slots,priority target for deeper recompression or table relocation branch
TT3A,67,BCK,Back,4,5,95,navigation,required_dictionary_overran_bank,requires new dictionary/compression work beyond existing or safely reusable slots,priority target for deeper recompression or table relocation branch
TT3B,7,SIM,Simon,4,5,70,name,needs_dictionary_low_priority,requires new dictionary/compression work beyond existing or safely reusable slots,candidate for deeper recompression if visual polish warrants it
TT3B,17,RD,Road,3,4,55,place,needs_dictionary_low_priority,requires new dictionary/compression work beyond existing or safely reusable slots,candidate for deeper recompression if visual polish warrants it
TT3B,0,SE,Look,3,4,100,command,required_dictionary_overran_bank,requires new dictionary/compression work beyond existing or safely reusable slots,priority target for deeper recompression or table relocation branch
TT3B,2,GT,Take,3,4,100,command,required_dictionary_overran_bank,requires new dictionary/compression work beyond existing or safely reusable slots,priority target for deeper recompression or table relocation branch
TT3B,16,AS,Ask,3,4,100,command,required_dictionary_overran_bank,requires new dictionary/compression work beyond existing or safely reusable slots,priority target for deeper recompression or table relocation branch
TT2,10,GLS,Glass,4,5,80,object,needs_dictionary_low_priority,requires new dictionary/compression work beyond existing or safely reusable slots,candidate for deeper recompression if visual polish warrants it
TT2,15,KY,Key,3,4,85,object,needs_dictionary_low_priority,requires new dictionary/compression work beyond existing or safely reusable slots,candidate for deeper recompression if visual polish warrants it
TT2,22,BT,Bottle,3,6,85,object,needs_dictionary_low_priority,requires new dictionary/compression work beyond existing or safely reusable slots,candidate for deeper recompression if visual polish warrants it
TT2,51,WT,White,3,5,60,color,needs_dictionary_low_priority,requires new dictionary/compression work beyond existing or safely reusable slots,candidate for deeper recompression if visual polish warrants it
TT2,59,BLD,Building,4,8,75,place,needs_dictionary_low_priority,requires new dictionary/compression work beyond existing or safely reusable slots,candidate for deeper recompression if visual polish warrants it
TT2,61,TN,Town,3,4,75,place,needs_dictionary_low_priority,requires new dictionary/compression work beyond existing or safely reusable slots,candidate for deeper recompression if visual polish warrants it
TT2,63,WMN,Woman,4,5,80,person,needs_dictionary_low_priority,requires new dictionary/compression work beyond existing or safely reusable slots,candidate for deeper recompression if visual polish warrants it
TT2,0,SE,Look,3,4,100,command,required_dictionary_overran_bank,requires new dictionary/compression work beyond existing or safely reusable slots,priority target for deeper recompression or table relocation branch
TT2,2,GT,Take,3,4,100,command,required_dictionary_overran_bank,requires new dictionary/compression work beyond existing or safely reusable slots,priority target for deeper recompression or table relocation branch
TT2,4,AS,Ask,3,4,100,command,required_dictionary_overran_bank,requires new dictionary/compression work beyond existing or safely reusable slots,priority target for deeper recompression or table relocation branch
TT2,9,BOD,Body,4,5,95,object,required_dictionary_overran_bank,requires new dictionary/compression work beyond existing or safely reusable slots,candidate for deeper recompression if visual polish warrants it
TT2,13,DR,Drink,3,5,100,command,required_dictionary_overran_bank,requires new dictionary/compression work beyond existing or safely reusable slots,priority target for deeper recompression or table relocation branch
TT2,23,On,Wear,3,4,100,command,required_dictionary_overran_bank,requires new dictionary/compression work beyond existing or safely reusable slots,priority target for deeper recompression or table relocation branch
TT2,24,Of,Remove,3,6,100,command,required_dictionary_overran_bank,requires new dictionary/compression work beyond existing or safely reusable slots,priority target for deeper recompression or table relocation branch
T22,7,WMN,Woman,4,5,80,person,needs_dictionary_low_priority,requires new dictionary/compression work beyond existing or safely reusable slots,candidate for deeper recompression if visual polish warrants it
T22,9,KY,Key,3,4,85,object,needs_dictionary_low_priority,requires new dictionary/compression work beyond existing or safely reusable slots,candidate for deeper recompression if visual polish warrants it
T22,18,WL,Well,3,4,70,object,needs_dictionary_low_priority,requires new dictionary/compression work beyond existing or safely reusable slots,candidate for deeper recompression if visual polish warrants it
T22,20,HL,Hill,3,4,70,place,needs_dictionary_low_priority,requires new dictionary/compression work beyond existing or safely reusable slots,candidate for deeper recompression if visual polish warrants it
T22,21,JAL,Jail,4,5,75,place,needs_dictionary_low_priority,requires new dictionary/compression work beyond existing or safely reusable slots,candidate for deeper recompression if visual polish warrants it
T22,23,B,Baby,3,5,70,person,needs_dictionary_low_priority,requires new dictionary/compression work beyond existing or safely reusable slots,candidate for deeper recompression if visual polish warrants it
T22,31,PRIS,Prison,5,6,75,place,needs_dictionary_low_priority,requires new dictionary/compression work beyond existing or safely reusable slots,candidate for deeper recompression if visual polish warrants it
T22,3,AS,Ask,3,4,100,command,required_dictionary_overran_bank,requires new dictionary/compression work beyond existing or safely reusable slots,priority target for deeper recompression or table relocation branch
T22,14,GT,Take,3,4,100,command,required_dictionary_overran_bank,requires new dictionary/compression work beyond existing or safely reusable slots,priority target for deeper recompression or table relocation branch
T22,25,BCK,Back,4,5,95,navigation,required_dictionary_overran_bank,requires new dictionary/compression work beyond existing or safely reusable slots,priority target for deeper recompression or table relocation branch
TT6C,4,JR,Jar,3,4,75,object,needs_dictionary_low_priority,requires new dictionary/compression work beyond existing or safely reusable slots,candidate for deeper recompression if visual polish warrants it
TT6C,10,JOS,Joseph,4,6,80,name,needs_dictionary_low_priority,requires new dictionary/compression work beyond existing or safely reusable slots,candidate for deeper recompression if visual polish warrants it
TT6C,12,B,Baby,2,5,70,person,needs_dictionary_low_priority,requires new dictionary/compression work beyond existing or safely reusable slots,candidate for deeper recompression if visual polish warrants it
TT6C,15,KSH,Kashim,4,6,70,name,needs_dictionary_low_priority,requires new dictionary/compression work beyond existing or safely reusable slots,candidate for deeper recompression if visual polish warrants it
TT6C,17,TBELT,Time Belt,6,8,70,object,needs_dictionary_low_priority,requires new dictionary/compression work beyond existing or safely reusable slots,candidate for deeper recompression if visual polish warrants it
TT6C,22,GND,Ground,4,6,70,place,needs_dictionary_low_priority,requires new dictionary/compression work beyond existing or safely reusable slots,candidate for deeper recompression if visual polish warrants it
TT6C,23,HL,Hill,3,4,70,place,needs_dictionary_low_priority,requires new dictionary/compression work beyond existing or safely reusable slots,candidate for deeper recompression if visual polish warrants it
TT6C,24,PNL,Panel,4,5,70,object,needs_dictionary_low_priority,requires new dictionary/compression work beyond existing or safely reusable slots,candidate for deeper recompression if visual polish warrants it
TT6C,26,LD,Lid,3,4,70,object,needs_dictionary_low_priority,requires new dictionary/compression work beyond existing or safely reusable slots,candidate for deeper recompression if visual polish warrants it
TT6C,31,RD,Road,3,4,55,place,needs_dictionary_low_priority,requires new dictionary/compression work beyond existing or safely reusable slots,candidate for deeper recompression if visual polish warrants it
TT6C,33,P,Paper,2,5,70,object,needs_dictionary_low_priority,requires new dictionary/compression work beyond existing or safely reusable slots,candidate for deeper recompression if visual polish warrants it
TT6C,35,OT,Outside,3,7,70,place,needs_dictionary_low_priority,requires new dictionary/compression work beyond existing or safely reusable slots,candidate for deeper recompression if visual polish warrants it
TT6C,44,GLZR,Glazier,5,7,75,role,needs_dictionary_low_priority,requires new dictionary/compression work beyond existing or safely reusable slots,candidate for deeper recompression if visual polish warrants it
TT6C,45,SMT,Blacksmith,4,9,75,role,needs_dictionary_low_priority,requires new dictionary/compression work beyond existing or safely reusable slots,candidate for deeper recompression if visual polish warrants it
TT6C,46,TAVN,Tavern,4,6,75,place,needs_dictionary_low_priority,requires new dictionary/compression work beyond existing or safely reusable slots,candidate for deeper recompression if visual polish warrants it
TT6C,47,TLR,Tailor,4,6,75,role,needs_dictionary_low_priority,requires new dictionary/compression work beyond existing or safely reusable slots,candidate for deeper recompression if visual polish warrants it
TT6C,48,CATH,Catherine,5,8,75,name,needs_dictionary_low_priority,requires new dictionary/compression work beyond existing or safely reusable slots,candidate for deeper recompression if visual polish warrants it
TT6C,51,ISABL,Isabel,5,6,75,name,needs_dictionary_low_priority,requires new dictionary/compression work beyond existing or safely reusable slots,candidate for deeper recompression if visual polish warrants it
TT6C,52,MOROC,Morocco,5,7,75,place,needs_dictionary_low_priority,requires new dictionary/compression work beyond existing or safely reusable slots,candidate for deeper recompression if visual polish warrants it
TT6C,53,REBEC,Rebecca,5,7,75,name,needs_dictionary_low_priority,requires new dictionary/compression work beyond existing or safely reusable slots,candidate for deeper recompression if visual polish warrants it
TT6C,56,AUST,Austria,6,7,75,place,needs_dictionary_low_priority,requires new dictionary/compression work beyond existing or safely reusable slots,candidate for deeper recompression if visual polish warrants it
TT6C,57,FRAN,France,4,6,75,place,needs_dictionary_low_priority,requires new dictionary/compression work beyond existing or safely reusable slots,candidate for deeper recompression if visual polish warrants it
TT6C,58,SWIS,Switzerland,4,10,75,place,needs_dictionary_low_priority,requires new dictionary/compression work beyond existing or safely reusable slots,candidate for deeper recompression if visual polish warrants it
TT6C,59,BELG,Belgium,5,7,75,place,needs_dictionary_low_priority,requires new dictionary/compression work beyond existing or safely reusable slots,candidate for deeper recompression if visual polish warrants it
TT6C,62,DOKU,Fish mint,5,8,45,plant,needs_dictionary_low_priority,requires new dictionary/compression work beyond existing or safely reusable slots,candidate for deeper recompression if visual polish warrants it
TT6C,63,SENBR,Swertia,5,7,45,plant,needs_dictionary_low_priority,requires new dictionary/compression work beyond existing or safely reusable slots,candidate for deeper recompression if visual polish warrants it
TT6C,64,DAEDL,Daedalus,5,7,80,name,needs_dictionary_low_priority,requires new dictionary/compression work beyond existing or safely reusable slots,candidate for deeper recompression if visual polish warrants it
TT6C,65,CENTA,Centaur,6,7,75,name,needs_dictionary_low_priority,requires new dictionary/compression work beyond existing or safely reusable slots,candidate for deeper recompression if visual polish warrants it
TT6C,66,ATL,Atlas,4,5,75,name,needs_dictionary_low_priority,requires new dictionary/compression work beyond existing or safely reusable slots,candidate for deeper recompression if visual polish warrants it
TT6C,67,CERBR,Cerberus,5,7,75,name,needs_dictionary_low_priority,requires new dictionary/compression work beyond existing or safely reusable slots,candidate for deeper recompression if visual polish warrants it
TT6C,72,SRW,Serow,4,5,60,animal,needs_dictionary_low_priority,requires new dictionary/compression work beyond existing or safely reusable slots,candidate for deeper recompression if visual polish warrants it
TT6C,73,COY,Coyote,5,6,70,animal,needs_dictionary_low_priority,requires new dictionary/compression work beyond existing or safely reusable slots,candidate for deeper recompression if visual polish warrants it
TT6C,74,REIN,Reindeer,4,7,60,animal,needs_dictionary_low_priority,requires new dictionary/compression work beyond existing or safely reusable slots,candidate for deeper recompression if visual polish warrants it
TT6C,80,MAGDA,Magdala,5,7,70,place,needs_dictionary_low_priority,requires new dictionary/compression work beyond existing or safely reusable slots,candidate for deeper recompression if visual polish warrants it
TT6C,81,NZR,Nazareth,4,7,75,place,needs_dictionary_low_priority,requires new dictionary/compression work beyond existing or safely reusable slots,candidate for deeper recompression if visual polish warrants it
TT6C,82,BETH,Bethlehem,5,8,75,place,needs_dictionary_low_priority,requires new dictionary/compression work beyond existing or safely reusable slots,candidate for deeper recompression if visual polish warrants it
TT6C,84,BISH,Bishop,5,6,80,name,needs_dictionary_low_priority,requires new dictionary/compression work beyond existing or safely reusable slots,candidate for deeper recompression if visual polish warrants it
TT6C,88,JEAN,Jeanne,5,6,75,name,needs_dictionary_low_priority,requires new dictionary/compression work beyond existing or safely reusable slots,candidate for deeper recompression if visual polish warrants it
TT6C,89,ALEX,Alexander,6,8,75,name,needs_dictionary_low_priority,requires new dictionary/compression work beyond existing or safely reusable slots,candidate for deeper recompression if visual polish warrants it
TT6C,90,LINC,Lincoln,5,7,75,name,needs_dictionary_low_priority,requires new dictionary/compression work beyond existing or safely reusable slots,candidate for deeper recompression if visual polish warrants it
TT6C,0,SE,Look,3,4,100,command,required_dictionary_overran_bank,requires new dictionary/compression work beyond existing or safely reusable slots,priority target for deeper recompression or table relocation branch
TT6C,3,GT,Take,3,4,100,command,required_dictionary_overran_bank,requires new dictionary/compression work beyond existing or safely reusable slots,priority target for deeper recompression or table relocation branch
TT6C,6,AS,Ask,3,4,100,command,required_dictionary_overran_bank,requires new dictionary/compression work beyond existing or safely reusable slots,priority target for deeper recompression or table relocation branch
TT6C,14,MY BOD,My body,6,7,95,object,required_dictionary_overran_bank,requires new dictionary/compression work beyond existing or safely reusable slots,candidate for deeper recompression if visual polish warrants it
TT6C,16,BOD,Body,4,5,95,object,required_dictionary_overran_bank,requires new dictionary/compression work beyond existing or safely reusable slots,candidate for deeper recompression if visual polish warrants it
TT6C,25,YS,Yes,3,4,100,choice,required_dictionary_overran_bank,requires new dictionary/compression work beyond existing or safely reusable slots,priority target for deeper recompression or table relocation branch
TT6C,27,N,North,3,5,100,compass,required_dictionary_overran_bank,requires new dictionary/compression work beyond existing or safely reusable slots,priority target for deeper recompression or table relocation branch
TT6C,29,W,West,3,4,100,compass,required_dictionary_overran_bank,requires new dictionary/compression work beyond existing or safely reusable slots,priority target for deeper recompression or table relocation branch
TT6C,30,S,South,4,5,100,compass,required_dictionary_overran_bank,requires new dictionary/compression work beyond existing or safely reusable slots,priority target for deeper recompression or table relocation branch
TT6C,93,R,Right,3,5,90,navigation,required_dictionary_overran_bank,requires new dictionary/compression work beyond existing or safely reusable slots,priority target for deeper recompression or table relocation branch
TT6B,6,JOS,Joseph,4,6,80,name,needs_dictionary_low_priority,requires new dictionary/compression work beyond existing or safely reusable slots,candidate for deeper recompression if visual polish warrants it
TT6B,9,SL,Soil,3,4,65,object,needs_dictionary_low_priority,requires new dictionary/compression work beyond existing or safely reusable slots,candidate for deeper recompression if visual polish warrants it
TT6B,10,GLR,Glare,4,5,75,action,needs_dictionary_low_priority,requires new dictionary/compression work beyond existing or safely reusable slots,candidate for deeper recompression if visual polish warrants it
TT6B,28,TRGH,Trough,5,6,70,object,needs_dictionary_low_priority,requires new dictionary/compression work beyond existing or safely reusable slots,candidate for deeper recompression if visual polish warrants it
TT6B,29,HR,Horse,3,5,75,animal,needs_dictionary_low_priority,requires new dictionary/compression work beyond existing or safely reusable slots,candidate for deeper recompression if visual polish warrants it
TT6B,33,WIS,Wisdom,4,6,70,quiz,needs_dictionary_low_priority,requires new dictionary/compression work beyond existing or safely reusable slots,candidate for deeper recompression if visual polish warrants it
TT6B,34,KNOW,Knowledge,5,8,70,quiz,needs_dictionary_low_priority,requires new dictionary/compression work beyond existing or safely reusable slots,candidate for deeper recompression if visual polish warrants it
TT6B,36,BAL,Baal,4,5,70,quiz,needs_dictionary_low_priority,requires new dictionary/compression work beyond existing or safely reusable slots,candidate for deeper recompression if visual polish warrants it
TT6B,37,JHV,Jehovah,4,7,70,quiz,needs_dictionary_low_priority,requires new dictionary/compression work beyond existing or safely reusable slots,candidate for deeper recompression if visual polish warrants it
TT6B,39,JORDN,Jordan,5,6,85,place,needs_dictionary_low_priority,requires new dictionary/compression work beyond existing or safely reusable slots,candidate for deeper recompression if visual polish warrants it
TT6B,40,SYR,Syria,4,5,70,quiz,needs_dictionary_low_priority,requires new dictionary/compression work beyond existing or safely reusable slots,candidate for deeper recompression if visual polish warrants it
TT6B,43,SOLO,Solomon,4,7,70,quiz,needs_dictionary_low_priority,requires new dictionary/compression work beyond existing or safely reusable slots,candidate for deeper recompression if visual polish warrants it
TT6B,44,SAM,Samson,4,6,70,quiz,needs_dictionary_low_priority,requires new dictionary/compression work beyond existing or safely reusable slots,candidate for deeper recompression if visual polish warrants it
TT6B,45,JAC,Jacob,4,5,70,quiz,needs_dictionary_low_priority,requires new dictionary/compression work beyond existing or safely reusable slots,candidate for deeper recompression if visual polish warrants it
TT6B,46,ISC,Isaac,4,5,70,quiz,needs_dictionary_low_priority,requires new dictionary/compression work beyond existing or safely reusable slots,candidate for deeper recompression if visual polish warrants it
TT6B,47,SADM,Saddam,4,6,70,quiz,needs_dictionary_low_priority,requires new dictionary/compression work beyond existing or safely reusable slots,candidate for deeper recompression if visual polish warrants it
TT6B,48,ABRAM,Abraham,5,7,70,quiz,needs_dictionary_low_priority,requires new dictionary/compression work beyond existing or safely reusable slots,candidate for deeper recompression if visual polish warrants it
TT6B,49,SATN,Satan,4,5,70,quiz,needs_dictionary_low_priority,requires new dictionary/compression work beyond existing or safely reusable slots,candidate for deeper recompression if visual polish warrants it
TT6B,51,ZORO,Zoroaster,7,8,70,quiz,needs_dictionary_low_priority,requires new dictionary/compression work beyond existing or safely reusable slots,candidate for deeper recompression if visual polish warrants it
TT6B,58,PRSE,Praise,4,6,75,action,needs_dictionary_low_priority,requires new dictionary/compression work beyond existing or safely reusable slots,candidate for deeper recompression if visual polish warrants it
TT6B,0,SE,Look,3,4,100,command,required_dictionary_overran_bank,requires new dictionary/compression work beyond existing or safely reusable slots,priority target for deeper recompression or table relocation branch
TT6B,1,AS,Ask,3,4,100,command,required_dictionary_overran_bank,requires new dictionary/compression work beyond existing or safely reusable slots,priority target for deeper recompression or table relocation branch
TT6B,2,SM,Smell,3,5,100,command,required_dictionary_overran_bank,requires new dictionary/compression work beyond existing or safely reusable slots,priority target for deeper recompression or table relocation branch
TT6B,8,BOD,Body,4,5,95,object,required_dictionary_overran_bank,requires new dictionary/compression work beyond existing or safely reusable slots,candidate for deeper recompression if visual polish warrants it
TT6B,19,N,North,3,5,100,compass,required_dictionary_overran_bank,requires new dictionary/compression work beyond existing or safely reusable slots,priority target for deeper recompression or table relocation branch
TT6B,21,W,West,3,4,100,compass,required_dictionary_overran_bank,requires new dictionary/compression work beyond existing or safely reusable slots,priority target for deeper recompression or table relocation branch
TT6B,22,S,South,4,5,100,compass,required_dictionary_overran_bank,requires new dictionary/compression work beyond existing or safely reusable slots,priority target for deeper recompression or table relocation branch
TT6B,23,FWD,Forward,4,7,90,navigation,required_dictionary_overran_bank,requires new dictionary/compression work beyond existing or safely reusable slots,priority target for deeper recompression or table relocation branch
TT6B,24,BCK,Back,4,5,95,navigation,required_dictionary_overran_bank,requires new dictionary/compression work beyond existing or safely reusable slots,priority target for deeper recompression or table relocation branch
TT6A,6,SK,Sky,3,4,80,object,needs_dictionary_low_priority,requires new dictionary/compression work beyond existing or safely reusable slots,candidate for deeper recompression if visual polish warrants it
TT6A,11,SL,Soil,3,4,65,object,needs_dictionary_low_priority,requires new dictionary/compression work beyond existing or safely reusable slots,candidate for deeper recompression if visual polish warrants it
TT6A,12,VL,Village,3,7,70,place,needs_dictionary_low_priority,requires new dictionary/compression work beyond existing or safely reusable slots,candidate for deeper recompression if visual polish warrants it
TT6A,17,WL,Well,3,4,70,object,needs_dictionary_low_priority,requires new dictionary/compression work beyond existing or safely reusable slots,candidate for deeper recompression if visual polish warrants it
TT6A,18,TRGH,Trough,5,6,70,object,needs_dictionary_low_priority,requires new dictionary/compression work beyond existing or safely reusable slots,candidate for deeper recompression if visual polish warrants it
TT6A,19,RP,Rope,3,4,70,object,needs_dictionary_low_priority,requires new dictionary/compression work beyond existing or safely reusable slots,candidate for deeper recompression if visual polish warrants it
TT6A,23,R H,Right house,5,10,70,place,needs_dictionary_low_priority,requires new dictionary/compression work beyond existing or safely reusable slots,candidate for deeper recompression if visual polish warrants it
TT6A,24,L HSE,Left house,6,9,70,place,needs_dictionary_low_priority,requires new dictionary/compression work beyond existing or safely reusable slots,candidate for deeper recompression if visual polish warrants it
TT6A,25,RV,River,3,5,70,place,needs_dictionary_low_priority,requires new dictionary/compression work beyond existing or safely reusable slots,candidate for deeper recompression if visual polish warrants it
TT6A,28,BL,Bowl,4,5,70,object,needs_dictionary_low_priority,requires new dictionary/compression work beyond existing or safely reusable slots,candidate for deeper recompression if visual polish warrants it
TT6A,30,BRC,Bracelet,4,8,70,object,needs_dictionary_low_priority,requires new dictionary/compression work beyond existing or safely reusable slots,candidate for deeper recompression if visual polish warrants it
TT6A,31,NECK,Necklace,6,7,70,object,needs_dictionary_low_priority,requires new dictionary/compression work beyond existing or safely reusable slots,candidate for deeper recompression if visual polish warrants it
TT6A,32,WT,Wheat,4,5,70,object,needs_dictionary_low_priority,requires new dictionary/compression work beyond existing or safely reusable slots,candidate for deeper recompression if visual polish warrants it
TT6A,36,TOOL,Tools,4,5,70,object,needs_dictionary_low_priority,requires new dictionary/compression work beyond existing or safely reusable slots,candidate for deeper recompression if visual polish warrants it
TT6A,37,BD,Stand,3,5,70,object,needs_dictionary_low_priority,requires new dictionary/compression work beyond existing or safely reusable slots,candidate for deeper recompression if visual polish warrants it
TT6A,38,ON BD,On stand,5,7,70,place,needs_dictionary_low_priority,requires new dictionary/compression work beyond existing or safely reusable slots,candidate for deeper recompression if visual polish warrants it
TT6A,0,SE,Look,3,4,100,command,required_dictionary_overran_bank,requires new dictionary/compression work beyond existing or safely reusable slots,priority target for deeper recompression or table relocation branch
TT6A,1,AS,Ask,3,4,100,command,required_dictionary_overran_bank,requires new dictionary/compression work beyond existing or safely reusable slots,priority target for deeper recompression or table relocation branch
TT6A,2,SM,Smell,3,5,100,command,required_dictionary_overran_bank,requires new dictionary/compression work beyond existing or safely reusable slots,priority target for deeper recompression or table relocation branch
TT6A,7,BOD,Body,4,5,95,object,required_dictionary_overran_bank,requires new dictionary/compression work beyond existing or safely reusable slots,candidate for deeper recompression if visual polish warrants it
TT6A,13,DR,Drink,3,5,100,command,required_dictionary_overran_bank,requires new dictionary/compression work beyond existing or safely reusable slots,priority target for deeper recompression or table relocation branch
TT4,7,STAT,Statue,5,6,70,object,needs_dictionary_low_priority,requires new dictionary/compression work beyond existing or safely reusable slots,candidate for deeper recompression if visual polish warrants it
TT4,8,PRST,Priest,4,6,70,person,needs_dictionary_low_priority,requires new dictionary/compression work beyond existing or safely reusable slots,candidate for deeper recompression if visual polish warrants it
TT4,9,HD,Head,3,4,70,body,needs_dictionary_low_priority,requires new dictionary/compression work beyond existing or safely reusable slots,candidate for deeper recompression if visual polish warrants it
TT4,18,CONT,Continuous,5,9,65,choice,needs_dictionary_low_priority,requires new dictionary/compression work beyond existing or safely reusable slots,priority target for deeper recompression or table relocation branch
TT4,21,BL,Bell,3,5,60,object,needs_dictionary_low_priority,requires new dictionary/compression work beyond existing or safely reusable slots,candidate for deeper recompression if visual polish warrants it
TT4,22,GV,Give,4,5,70,action,needs_dictionary_low_priority,requires new dictionary/compression work beyond existing or safely reusable slots,candidate for deeper recompression if visual polish warrants it
TT4,27,BLD,Building,4,8,75,place,needs_dictionary_low_priority,requires new dictionary/compression work beyond existing or safely reusable slots,candidate for deeper recompression if visual polish warrants it
TT4,28,MRCH,Merchant,5,7,70,person,needs_dictionary_low_priority,requires new dictionary/compression work beyond existing or safely reusable slots,candidate for deeper recompression if visual polish warrants it
TT4,31,SL,Soil,3,4,65,object,needs_dictionary_low_priority,requires new dictionary/compression work beyond existing or safely reusable slots,candidate for deeper recompression if visual polish warrants it
TT4,32,BY,Buy,3,4,70,action,needs_dictionary_low_priority,requires new dictionary/compression work beyond existing or safely reusable slots,candidate for deeper recompression if visual polish warrants it
TT4,35,TMPL,Temple,5,6,70,place,needs_dictionary_low_priority,requires new dictionary/compression work beyond existing or safely reusable slots,candidate for deeper recompression if visual polish warrants it
TT4,38,DAR,Dario,4,5,70,name,needs_dictionary_low_priority,requires new dictionary/compression work beyond existing or safely reusable slots,candidate for deeper recompression if visual polish warrants it
TT4,42,LVL,Level,4,5,70,choice,needs_dictionary_low_priority,requires new dictionary/compression work beyond existing or safely reusable slots,priority target for deeper recompression or table relocation branch
TT4,45,RB,Massage,3,7,80,action,needs_dictionary_low_priority,requires new dictionary/compression work beyond existing or safely reusable slots,candidate for deeper recompression if visual polish warrants it
TT4,54,GRL,Girl,4,5,70,person,needs_dictionary_low_priority,requires new dictionary/compression work beyond existing or safely reusable slots,candidate for deeper recompression if visual polish warrants it
TT4,55,MOM,Mother,4,6,70,person,needs_dictionary_low_priority,requires new dictionary/compression work beyond existing or safely reusable slots,candidate for deeper recompression if visual polish warrants it
TT4,57,DOKU,Fish mint,5,8,45,plant,needs_dictionary_low_priority,requires new dictionary/compression work beyond existing or safely reusable slots,candidate for deeper recompression if visual polish warrants it
TT4,58,JIAO,Jiaogulan,7,8,45,plant,needs_dictionary_low_priority,requires new dictionary/compression work beyond existing or safely reusable slots,candidate for deeper recompression if visual polish warrants it
TT4,61,RD,Road,3,4,55,place,needs_dictionary_low_priority,requires new dictionary/compression work beyond existing or safely reusable slots,candidate for deeper recompression if visual polish warrants it
TT4,63,SOL,Soldier,4,7,80,person,needs_dictionary_low_priority,requires new dictionary/compression work beyond existing or safely reusable slots,candidate for deeper recompression if visual polish warrants it
TT4,64,SP,Spear,3,5,60,object,needs_dictionary_low_priority,requires new dictionary/compression work beyond existing or safely reusable slots,candidate for deeper recompression if visual polish warrants it
TT4,68,SOCR,Socrates,5,7,65,name,needs_dictionary_low_priority,requires new dictionary/compression work beyond existing or safely reusable slots,candidate for deeper recompression if visual polish warrants it
TT4,69,PYTH,Pythagoras,6,9,65,name,needs_dictionary_low_priority,requires new dictionary/compression work beyond existing or safely reusable slots,candidate for deeper recompression if visual polish warrants it
TT4,71,HEROD,Herodotus,5,8,65,name,needs_dictionary_low_priority,requires new dictionary/compression work beyond existing or safely reusable slots,candidate for deeper recompression if visual polish warrants it
TT4,72,HOM,Homer,4,5,65,name,needs_dictionary_low_priority,requires new dictionary/compression work beyond existing or safely reusable slots,candidate for deeper recompression if visual polish warrants it
TT4,76,NIC,Nicras,4,6,65,name,needs_dictionary_low_priority,requires new dictionary/compression work beyond existing or safely reusable slots,candidate for deeper recompression if visual polish warrants it
TT4,77,POL,Polis,4,5,65,place,needs_dictionary_low_priority,requires new dictionary/compression work beyond existing or safely reusable slots,candidate for deeper recompression if visual polish warrants it
TT4,79,IMEL,Imelda,5,6,65,name,needs_dictionary_low_priority,requires new dictionary/compression work beyond existing or safely reusable slots,candidate for deeper recompression if visual polish warrants it
TT4,80,JAKAR,Jakarta,6,7,65,place,needs_dictionary_low_priority,requires new dictionary/compression work beyond existing or safely reusable slots,candidate for deeper recompression if visual polish warrants it
TT4,81,SPAR,Sparta,5,6,65,place,needs_dictionary_low_priority,requires new dictionary/compression work beyond existing or safely reusable slots,candidate for deeper recompression if visual polish warrants it
TT4,82,DAEDAL,Daedalus,6,7,80,name,needs_dictionary_low_priority,requires new dictionary/compression work beyond existing or safely reusable slots,candidate for deeper recompression if visual polish warrants it
TT4,83,HERAC,Heracles,5,7,65,name,needs_dictionary_low_priority,requires new dictionary/compression work beyond existing or safely reusable slots,candidate for deeper recompression if visual polish warrants it
TT4,84,NAPOL,Napoleon,5,7,65,name,needs_dictionary_low_priority,requires new dictionary/compression work beyond existing or safely reusable slots,candidate for deeper recompression if visual polish warrants it
TT4,85,GORBY,Gorbachev,7,8,65,name,needs_dictionary_low_priority,requires new dictionary/compression work beyond existing or safely reusable slots,candidate for deeper recompression if visual polish warrants it
TT4,86,AGAM,Agamemnon,6,8,65,name,needs_dictionary_low_priority,requires new dictionary/compression work beyond existing or safely reusable slots,candidate for deeper recompression if visual polish warrants it
TT4,87,KAN,Kannon,4,6,65,name,needs_dictionary_low_priority,requires new dictionary/compression work beyond existing or safely reusable slots,candidate for deeper recompression if visual polish warrants it
TT4,88,PARTSN,Partisan,6,7,65,quiz,needs_dictionary_low_priority,requires new dictionary/compression work beyond existing or safely reusable slots,candidate for deeper recompression if visual polish warrants it
TT4,89,AISNO,Aisnon,5,6,65,quiz,needs_dictionary_low_priority,requires new dictionary/compression work beyond existing or safely reusable slots,candidate for deeper recompression if visual polish warrants it
TT4,90,PARTH,Parthenon,5,8,65,place,needs_dictionary_low_priority,requires new dictionary/compression work beyond existing or safely reusable slots,candidate for deeper recompression if visual polish warrants it
TT4,91,STR,Strawberry,4,9,65,object,needs_dictionary_low_priority,requires new dictionary/compression work beyond existing or safely reusable slots,candidate for deeper recompression if visual polish warrants it
TT4,92,MEL,Melon,4,5,65,object,needs_dictionary_low_priority,requires new dictionary/compression work beyond existing or safely reusable slots,candidate for deeper recompression if visual polish warrants it
TT4,96,COFE,Coffee,5,6,70,object,needs_dictionary_low_priority,requires new dictionary/compression work beyond existing or safely reusable slots,candidate for deeper recompression if visual polish warrants it
TT4,0,SE,Look,3,4,100,command,required_dictionary_overran_bank,requires new dictionary/compression work beyond existing or safely reusable slots,priority target for deeper recompression or table relocation branch
TT4,30,BOD,Body,4,5,95,object,required_dictionary_overran_bank,requires new dictionary/compression work beyond existing or safely reusable slots,candidate for deeper recompression if visual polish warrants it
TT4,51,N,North,3,5,100,compass,required_dictionary_overran_bank,requires new dictionary/compression work beyond existing or safely reusable slots,priority target for deeper recompression or table relocation branch
TT4,53,W,West,3,4,100,compass,required_dictionary_overran_bank,requires new dictionary/compression work beyond existing or safely reusable slots,priority target for deeper recompression or table relocation branch
TT4,66,BCK,Back,4,5,95,navigation,required_dictionary_overran_bank,requires new dictionary/compression work beyond existing or safely reusable slots,priority target for deeper recompression or table relocation branch
TT5,5,BL,Bell,3,5,60,object,needs_dictionary_low_priority,requires new dictionary/compression work beyond existing or safely reusable slots,candidate for deeper recompression if visual polish warrants it
TT5,8,RUIN,Ruins,4,5,65,place,needs_dictionary_low_priority,requires new dictionary/compression work beyond existing or safely reusable slots,candidate for deeper recompression if visual polish warrants it
TT5,9,TRACK,Hoofprints,6,9,65,object,needs_dictionary_low_priority,requires new dictionary/compression work beyond existing or safely reusable slots,candidate for deeper recompression if visual polish warrants it
TT5,17,MN,Money,3,5,65,object,needs_dictionary_low_priority,requires new dictionary/compression work beyond existing or safely reusable slots,candidate for deeper recompression if visual polish warrants it
TT5,18,WD,Woods,3,5,70,place,needs_dictionary_low_priority,requires new dictionary/compression work beyond existing or safely reusable slots,candidate for deeper recompression if visual polish warrants it
TT5,22,CT,Cotton,3,6,65,object,needs_dictionary_low_priority,requires new dictionary/compression work beyond existing or safely reusable slots,candidate for deeper recompression if visual polish warrants it
TT5,30,COT,Cotton,4,6,65,object,needs_dictionary_low_priority,requires new dictionary/compression work beyond existing or safely reusable slots,candidate for deeper recompression if visual polish warrants it
TT5,57,CAV,Cavalry,5,7,60,role,needs_dictionary_low_priority,requires new dictionary/compression work beyond existing or safely reusable slots,candidate for deeper recompression if visual polish warrants it
TT5,59,WT,White,4,5,60,color,needs_dictionary_low_priority,requires new dictionary/compression work beyond existing or safely reusable slots,candidate for deeper recompression if visual polish warrants it
TT5,60,BK,Black,4,5,60,color,needs_dictionary_low_priority,requires new dictionary/compression work beyond existing or safely reusable slots,candidate for deeper recompression if visual polish warrants it
TT5,61,DEWI,Madame Dewi,6,10,60,name,needs_dictionary_low_priority,requires new dictionary/compression work beyond existing or safely reusable slots,candidate for deeper recompression if visual polish warrants it
TT5,62,STOWE,Mrs. Stowe,6,9,60,name,needs_dictionary_low_priority,requires new dictionary/compression work beyond existing or safely reusable slots,candidate for deeper recompression if visual polish warrants it
TT5,63,AKINO,Mrs. Akino,6,9,60,name,needs_dictionary_low_priority,requires new dictionary/compression work beyond existing or safely reusable slots,candidate for deeper recompression if visual polish warrants it
TT5,64,MARY,Mrs. Mary,7,8,60,name,needs_dictionary_low_priority,requires new dictionary/compression work beyond existing or safely reusable slots,candidate for deeper recompression if visual polish warrants it
TT5,66,KILAU,Kilauea,5,7,60,place,needs_dictionary_low_priority,requires new dictionary/compression work beyond existing or safely reusable slots,candidate for deeper recompression if visual polish warrants it
TT5,68,RUSH,Rushmore,5,7,60,place,needs_dictionary_low_priority,requires new dictionary/compression work beyond existing or safely reusable slots,candidate for deeper recompression if visual polish warrants it
TT5,69,OIWA,Oiwake,4,6,60,place,needs_dictionary_low_priority,requires new dictionary/compression work beyond existing or safely reusable slots,candidate for deeper recompression if visual polish warrants it
TT5,70,PROJ,Projector,5,8,60,object,needs_dictionary_low_priority,requires new dictionary/compression work beyond existing or safely reusable slots,candidate for deeper recompression if visual polish warrants it
TT5,74,AIR,Airplane,4,7,60,object,needs_dictionary_low_priority,requires new dictionary/compression work beyond existing or safely reusable slots,candidate for deeper recompression if visual polish warrants it
TT5,77,ANS,Answer,4,6,65,choice,needs_dictionary_low_priority,requires new dictionary/compression work beyond existing or safely reusable slots,priority target for deeper recompression or table relocation branch
TT5,78,PROB,Problem,5,7,65,choice,needs_dictionary_low_priority,requires new dictionary/compression work beyond existing or safely reusable slots,priority target for deeper recompression or table relocation branch
TT5,79,CW,Cow,3,4,65,animal,needs_dictionary_low_priority,requires new dictionary/compression work beyond existing or safely reusable slots,candidate for deeper recompression if visual polish warrants it
TT5,80,SHP,Sheep,4,5,65,animal,needs_dictionary_low_priority,requires new dictionary/compression work beyond existing or safely reusable slots,candidate for deeper recompression if visual polish warrants it
TT5,81,PG,Pig,3,4,65,animal,needs_dictionary_low_priority,requires new dictionary/compression work beyond existing or safely reusable slots,candidate for deeper recompression if visual polish warrants it
TT5,108,MANR,Mansion,4,7,80,place,needs_dictionary_low_priority,requires new dictionary/compression work beyond existing or safely reusable slots,candidate for deeper recompression if visual polish warrants it
TT5,111,STAT,Statue,5,6,70,object,needs_dictionary_low_priority,requires new dictionary/compression work beyond existing or safely reusable slots,candidate for deeper recompression if visual polish warrants it
TT5,0,SE,Look,3,4,100,command,required_dictionary_overran_bank,requires new dictionary/compression work beyond existing or safely reusable slots,priority target for deeper recompression or table relocation branch
TT5,2,AS,Ask,3,4,100,command,required_dictionary_overran_bank,requires new dictionary/compression work beyond existing or safely reusable slots,priority target for deeper recompression or table relocation branch
TT5,10,N,North,3,5,100,compass,required_dictionary_overran_bank,requires new dictionary/compression work beyond existing or safely reusable slots,priority target for deeper recompression or table relocation branch
TT5,12,W,West,3,4,100,compass,required_dictionary_overran_bank,requires new dictionary/compression work beyond existing or safely reusable slots,priority target for deeper recompression or table relocation branch
TT5,13,GT,Take,3,4,100,command,required_dictionary_overran_bank,requires new dictionary/compression work beyond existing or safely reusable slots,priority target for deeper recompression or table relocation branch
TT5,23,YS,Yes,3,4,100,choice,required_dictionary_overran_bank,requires new dictionary/compression work beyond existing or safely reusable slots,priority target for deeper recompression or table relocation branch
TT5,76,BCK,Back,4,5,95,navigation,required_dictionary_overran_bank,requires new dictionary/compression work beyond existing or safely reusable slots,priority target for deeper recompression or table relocation branch
TT5,107,SM,Small,4,5,90,choice,required_dictionary_overran_bank,requires new dictionary/compression work beyond existing or safely reusable slots,priority target for deeper recompression or table relocation branch
T25,4,SK,Sky,3,4,80,object,needs_dictionary_low_priority,requires new dictionary/compression work beyond existing or safely reusable slots,candidate for deeper recompression if visual polish warrants it
T25,7,OFR,Outside,4,7,80,place,needs_dictionary_low_priority,requires new dictionary/compression work beyond existing or safely reusable slots,candidate for deeper recompression if visual polish warrants it
T25,10,WGN,Wagon,4,5,70,object,needs_dictionary_low_priority,requires new dictionary/compression work beyond existing or safely reusable slots,candidate for deeper recompression if visual polish warrants it
T25,13,LINC,Lincoln,5,7,75,name,needs_dictionary_low_priority,requires new dictionary/compression work beyond existing or safely reusable slots,candidate for deeper recompression if visual polish warrants it
T25,37,RV,River,3,5,70,place,needs_dictionary_low_priority,requires new dictionary/compression work beyond existing or safely reusable slots,candidate for deeper recompression if visual polish warrants it
T25,0,SE,Look,3,4,100,command,required_dictionary_overran_bank,requires new dictionary/compression work beyond existing or safely reusable slots,priority target for deeper recompression or table relocation branch
T25,22,GT,Take,3,4,100,command,required_dictionary_overran_bank,requires new dictionary/compression work beyond existing or safely reusable slots,priority target for deeper recompression or table relocation branch
T25,30,AS,Ask,3,4,100,command,required_dictionary_overran_bank,requires new dictionary/compression work beyond existing or safely reusable slots,priority target for deeper recompression or table relocation branch
