bank,index,full_label,visible_fallback,slot_bytes,representation,technical_route
TT3A,0,Look,SE,3,literal,requires additional scenario compression savings or safe fixed-record/table relocation; not fitted by current 31-entry dictionary without exceeding bank footprint
TT3A,2,Take,GT,3,literal,requires additional scenario compression savings or safe fixed-record/table relocation; not fitted by current 31-entry dictionary without exceeding bank footprint
TT3A,6,Body,BOD,4,literal,requires additional scenario compression savings or safe fixed-record/table relocation; not fitted by current 31-entry dictionary without exceeding bank footprint
TT3A,7,Pocket,POCKT,5,literal,requires additional scenario compression savings or safe fixed-record/table relocation; not fitted by current 31-entry dictionary without exceeding bank footprint
TT3A,8,Pliers,PLI,4,literal,requires additional scenario compression savings or safe fixed-record/table relocation; not fitted by current 31-entry dictionary without exceeding bank footprint
TT3A,16,Pass,PS,3,literal,requires additional scenario compression savings or safe fixed-record/table relocation; not fitted by current 31-entry dictionary without exceeding bank footprint
TT3A,19,Floor,FL,3,literal,requires additional scenario compression savings or safe fixed-record/table relocation; not fitted by current 31-entry dictionary without exceeding bank footprint
TT3A,21,Ralph,RAL,4,literal,requires additional scenario compression savings or safe fixed-record/table relocation; not fitted by current 31-entry dictionary without exceeding bank footprint
TT3A,26,Sheet,SHT,4,literal,requires additional scenario compression savings or safe fixed-record/table relocation; not fitted by current 31-entry dictionary without exceeding bank footprint
TT3A,27,Rub,RB,3,literal,requires additional scenario compression savings or safe fixed-record/table relocation; not fitted by current 31-entry dictionary without exceeding bank footprint
TT3A,28,Mattress,MATT,5,literal,requires additional scenario compression savings or safe fixed-record/table relocation; not fitted by current 31-entry dictionary without exceeding bank footprint
TT3A,32,Wear,WR,3,literal,requires additional scenario compression savings or safe fixed-record/table relocation; not fitted by current 31-entry dictionary without exceeding bank footprint
TT3A,33,Tunnel,TUN,4,literal,requires additional scenario compression savings or safe fixed-record/table relocation; not fitted by current 31-entry dictionary without exceeding bank footprint
TT3A,34,Soil,SL,3,literal,requires additional scenario compression savings or safe fixed-record/table relocation; not fitted by current 31-entry dictionary without exceeding bank footprint
TT3A,35,Front,FR,3,literal,requires additional scenario compression savings or safe fixed-record/table relocation; not fitted by current 31-entry dictionary without exceeding bank footprint
TT3A,37,Soldier,SOL,4,literal,requires additional scenario compression savings or safe fixed-record/table relocation; not fitted by current 31-entry dictionary without exceeding bank footprint
TT3A,42,Fence,FNC,4,literal,requires additional scenario compression savings or safe fixed-record/table relocation; not fitted by current 31-entry dictionary without exceeding bank footprint
TT3A,43,Woods,WD,3,literal,requires additional scenario compression savings or safe fixed-record/table relocation; not fitted by current 31-entry dictionary without exceeding bank footprint
TT3A,44,Bench,BCH,4,literal,requires additional scenario compression savings or safe fixed-record/table relocation; not fitted by current 31-entry dictionary without exceeding bank footprint
TT3A,46,Simon,SIM,4,literal,requires additional scenario compression savings or safe fixed-record/table relocation; not fitted by current 31-entry dictionary without exceeding bank footprint
TT3A,51,Greeting,GRT,4,literal,requires additional scenario compression savings or safe fixed-record/table relocation; not fitted by current 31-entry dictionary without exceeding bank footprint
TT3A,52,Crumple,CRM,4,literal,requires additional scenario compression savings or safe fixed-record/table relocation; not fitted by current 31-entry dictionary without exceeding bank footprint
TT3A,53,Burn,BRN,4,literal,requires additional scenario compression savings or safe fixed-record/table relocation; not fitted by current 31-entry dictionary without exceeding bank footprint
TT3A,55,Join,JN,4,literal,requires additional scenario compression savings or safe fixed-record/table relocation; not fitted by current 31-entry dictionary without exceeding bank footprint
TT3A,56,North,N,3,literal,requires additional scenario compression savings or safe fixed-record/table relocation; not fitted by current 31-entry dictionary without exceeding bank footprint
TT3A,58,West,W,3,literal,requires additional scenario compression savings or safe fixed-record/table relocation; not fitted by current 31-entry dictionary without exceeding bank footprint
TT3A,60,Fountain,FNT,4,literal,requires additional scenario compression savings or safe fixed-record/table relocation; not fitted by current 31-entry dictionary without exceeding bank footprint
TT3A,61,Bottle,BT,3,literal,requires additional scenario compression savings or safe fixed-record/table relocation; not fitted by current 31-entry dictionary without exceeding bank footprint
TT3A,62,Mita,SW,3,literal,requires additional scenario compression savings or safe fixed-record/table relocation; not fitted by current 31-entry dictionary without exceeding bank footprint
TT3A,64,South,S,4,literal,requires additional scenario compression savings or safe fixed-record/table relocation; not fitted by current 31-entry dictionary without exceeding bank footprint
TT3A,66,Paper,PP,3,literal,requires additional scenario compression savings or safe fixed-record/table relocation; not fitted by current 31-entry dictionary without exceeding bank footprint
TT3A,71,Ghetto,GHETO,5,literal,requires additional scenario compression savings or safe fixed-record/table relocation; not fitted by current 31-entry dictionary without exceeding bank footprint
TT3A,72,Residence,RESID,6,literal,requires additional scenario compression savings or safe fixed-record/table relocation; not fitted by current 31-entry dictionary without exceeding bank footprint
TT3A,73,Resistance,RESIST,6,literal,requires additional scenario compression savings or safe fixed-record/table relocation; not fitted by current 31-entry dictionary without exceeding bank footprint
TT3A,74,Register,REGSTR,6,literal,requires additional scenario compression savings or safe fixed-record/table relocation; not fitted by current 31-entry dictionary without exceeding bank footprint
TT3A,80,Delon,DLN,4,literal,requires additional scenario compression savings or safe fixed-record/table relocation; not fitted by current 31-entry dictionary without exceeding bank footprint
TT3A,81,Belmondo,BELMO,6,literal,requires additional scenario compression savings or safe fixed-record/table relocation; not fitted by current 31-entry dictionary without exceeding bank footprint
TT3A,82,Philippe,PHIL,6,literal,requires additional scenario compression savings or safe fixed-record/table relocation; not fitted by current 31-entry dictionary without exceeding bank footprint
TT3A,84,Montgomery,MONTY,6,literal,requires additional scenario compression savings or safe fixed-record/table relocation; not fitted by current 31-entry dictionary without exceeding bank footprint
TT3A,85,Patton,PTTN,5,literal,requires additional scenario compression savings or safe fixed-record/table relocation; not fitted by current 31-entry dictionary without exceeding bank footprint
TT3A,86,Eisenhower,EISEN,6,literal,requires additional scenario compression savings or safe fixed-record/table relocation; not fitted by current 31-entry dictionary without exceeding bank footprint
TT3A,87,Roosevelt,ROOSVLT,7,literal,requires additional scenario compression savings or safe fixed-record/table relocation; not fitted by current 31-entry dictionary without exceeding bank footprint
TT3A,88,Churchill,CHRCHL,6,literal,requires additional scenario compression savings or safe fixed-record/table relocation; not fitted by current 31-entry dictionary without exceeding bank footprint
TT3A,89,MacArthur,MACARTH,7,literal,requires additional scenario compression savings or safe fixed-record/table relocation; not fitted by current 31-entry dictionary without exceeding bank footprint
TT3A,92,Broom,BRM,4,literal,requires additional scenario compression savings or safe fixed-record/table relocation; not fitted by current 31-entry dictionary without exceeding bank footprint
TT3A,94,Woman,WMN,4,literal,requires additional scenario compression savings or safe fixed-record/table relocation; not fitted by current 31-entry dictionary without exceeding bank footprint
TT3B,7,Simon,SIM,4,literal,requires additional scenario compression savings or safe fixed-record/table relocation; not fitted by current 31-entry dictionary without exceeding bank footprint
TT3B,16,Ask,AS,3,literal,requires additional scenario compression savings or safe fixed-record/table relocation; not fitted by current 31-entry dictionary without exceeding bank footprint
TT3B,17,Road,RD,3,literal,requires additional scenario compression savings or safe fixed-record/table relocation; not fitted by current 31-entry dictionary without exceeding bank footprint
TT3B,18,Text,TX,3,literal,requires additional scenario compression savings or safe fixed-record/table relocation; not fitted by current 31-entry dictionary without exceeding bank footprint
TT2,0,Look,SE,3,literal,requires additional scenario compression savings or safe fixed-record/table relocation; not fitted by current 31-entry dictionary without exceeding bank footprint
TT2,4,Ask,AS,3,literal,requires additional scenario compression savings or safe fixed-record/table relocation; not fitted by current 31-entry dictionary without exceeding bank footprint
TT2,5,Smell,SN,3,literal,requires additional scenario compression savings or safe fixed-record/table relocation; not fitted by current 31-entry dictionary without exceeding bank footprint
TT2,9,Body,BOD,4,literal,requires additional scenario compression savings or safe fixed-record/table relocation; not fitted by current 31-entry dictionary without exceeding bank footprint
TT2,10,Glass,GLS,4,literal,requires additional scenario compression savings or safe fixed-record/table relocation; not fitted by current 31-entry dictionary without exceeding bank footprint
TT2,13,Drink,DR,3,literal,requires additional scenario compression savings or safe fixed-record/table relocation; not fitted by current 31-entry dictionary without exceeding bank footprint
TT2,14,Robe,RB,3,literal,requires additional scenario compression savings or safe fixed-record/table relocation; not fitted by current 31-entry dictionary without exceeding bank footprint
TT2,15,Key,KY,3,literal,requires additional scenario compression savings or safe fixed-record/table relocation; not fitted by current 31-entry dictionary without exceeding bank footprint
TT2,22,Bottle,BT,3,literal,requires additional scenario compression savings or safe fixed-record/table relocation; not fitted by current 31-entry dictionary without exceeding bank footprint
TT2,23,Wear,ON,3,literal,requires additional scenario compression savings or safe fixed-record/table relocation; not fitted by current 31-entry dictionary without exceeding bank footprint
TT2,24,Remove,OF,3,literal,requires additional scenario compression savings or safe fixed-record/table relocation; not fitted by current 31-entry dictionary without exceeding bank footprint
TT2,26,Damascus,DAM,5,literal,requires additional scenario compression savings or safe fixed-record/table relocation; not fitted by current 31-entry dictionary without exceeding bank footprint
TT2,27,Jerusalem,JERUS,5,literal,requires additional scenario compression savings or safe fixed-record/table relocation; not fitted by current 31-entry dictionary without exceeding bank footprint
TT2,28,Crimea,CRI,4,literal,requires additional scenario compression savings or safe fixed-record/table relocation; not fitted by current 31-entry dictionary without exceeding bank footprint
TT2,29,Hundred Years,100,5,literal,requires additional scenario compression savings or safe fixed-record/table relocation; not fitted by current 31-entry dictionary without exceeding bank footprint
TT2,30,Pacific,PAC,6,literal,requires additional scenario compression savings or safe fixed-record/table relocation; not fitted by current 31-entry dictionary without exceeding bank footprint
TT2,31,Merchants,MER,5,literal,requires additional scenario compression savings or safe fixed-record/table relocation; not fitted by current 31-entry dictionary without exceeding bank footprint
TT2,32,Commoners,COM,4,literal,requires additional scenario compression savings or safe fixed-record/table relocation; not fitted by current 31-entry dictionary without exceeding bank footprint
TT2,33,Actors,ACT,5,literal,requires additional scenario compression savings or safe fixed-record/table relocation; not fitted by current 31-entry dictionary without exceeding bank footprint
TT2,34,Criminals,CRK,5,literal,requires additional scenario compression savings or safe fixed-record/table relocation; not fitted by current 31-entry dictionary without exceeding bank footprint
TT2,36,Zois,ZOI,4,literal,requires additional scenario compression savings or safe fixed-record/table relocation; not fitted by current 31-entry dictionary without exceeding bank footprint
TT2,37,Geld,GEL,4,literal,requires additional scenario compression savings or safe fixed-record/table relocation; not fitted by current 31-entry dictionary without exceeding bank footprint
TT2,40,da Vinci,VINCI,6,literal,requires additional scenario compression savings or safe fixed-record/table relocation; not fitted by current 31-entry dictionary without exceeding bank footprint
TT2,41,Lacoste,CST,5,literal,requires additional scenario compression savings or safe fixed-record/table relocation; not fitted by current 31-entry dictionary without exceeding bank footprint
TT2,42,De Palma,PAL,6,literal,requires additional scenario compression savings or safe fixed-record/table relocation; not fitted by current 31-entry dictionary without exceeding bank footprint
TT2,45,U Thant,THA,5,literal,requires additional scenario compression savings or safe fixed-record/table relocation; not fitted by current 31-entry dictionary without exceeding bank footprint
TT2,46,Tools,TLS,4,literal,requires additional scenario compression savings or safe fixed-record/table relocation; not fitted by current 31-entry dictionary without exceeding bank footprint
TT2,51,White,WT,3,literal,requires additional scenario compression savings or safe fixed-record/table relocation; not fitted by current 31-entry dictionary without exceeding bank footprint
TT2,56,All,AL,3,literal,requires additional scenario compression savings or safe fixed-record/table relocation; not fitted by current 31-entry dictionary without exceeding bank footprint
TT2,59,Building,BLD,4,literal,requires additional scenario compression savings or safe fixed-record/table relocation; not fitted by current 31-entry dictionary without exceeding bank footprint
TT2,61,Town,TN,3,literal,requires additional scenario compression savings or safe fixed-record/table relocation; not fitted by current 31-entry dictionary without exceeding bank footprint
TT2,63,Woman,WMN,4,literal,requires additional scenario compression savings or safe fixed-record/table relocation; not fitted by current 31-entry dictionary without exceeding bank footprint
T22,7,Woman,WMN,4,literal,requires additional scenario compression savings or safe fixed-record/table relocation; not fitted by current 31-entry dictionary without exceeding bank footprint
T22,8,Robe,RB,3,literal,requires additional scenario compression savings or safe fixed-record/table relocation; not fitted by current 31-entry dictionary without exceeding bank footprint
T22,9,Key,KY,3,literal,requires additional scenario compression savings or safe fixed-record/table relocation; not fitted by current 31-entry dictionary without exceeding bank footprint
T22,11,Remove,OF,3,literal,requires additional scenario compression savings or safe fixed-record/table relocation; not fitted by current 31-entry dictionary without exceeding bank footprint
T22,15,Passage,PS,3,literal,requires additional scenario compression savings or safe fixed-record/table relocation; not fitted by current 31-entry dictionary without exceeding bank footprint
T22,18,Well,WL,3,literal,requires additional scenario compression savings or safe fixed-record/table relocation; not fitted by current 31-entry dictionary without exceeding bank footprint
T22,20,Hill,HL,3,literal,requires additional scenario compression savings or safe fixed-record/table relocation; not fitted by current 31-entry dictionary without exceeding bank footprint
T22,21,Jail,JAL,4,literal,requires additional scenario compression savings or safe fixed-record/table relocation; not fitted by current 31-entry dictionary without exceeding bank footprint
T22,23,Box,B,3,literal,requires additional scenario compression savings or safe fixed-record/table relocation; not fitted by current 31-entry dictionary without exceeding bank footprint
T22,24,Paper,PPR,4,literal,requires additional scenario compression savings or safe fixed-record/table relocation; not fitted by current 31-entry dictionary without exceeding bank footprint
T22,25,Back,BCK,4,literal,requires additional scenario compression savings or safe fixed-record/table relocation; not fitted by current 31-entry dictionary without exceeding bank footprint
T22,31,Prison,PRIS,5,literal,requires additional scenario compression savings or safe fixed-record/table relocation; not fitted by current 31-entry dictionary without exceeding bank footprint
TT6C,0,Look,SE,3,literal,requires additional scenario compression savings or safe fixed-record/table relocation; not fitted by current 31-entry dictionary without exceeding bank footprint
TT6C,1,Down,D,2,literal,requires additional scenario compression savings or safe fixed-record/table relocation; not fitted by current 31-entry dictionary without exceeding bank footprint
TT6C,3,Take,GT,3,literal,requires additional scenario compression savings or safe fixed-record/table relocation; not fitted by current 31-entry dictionary without exceeding bank footprint
TT6C,4,Jar,JR,3,literal,requires additional scenario compression savings or safe fixed-record/table relocation; not fitted by current 31-entry dictionary without exceeding bank footprint
TT6C,6,Ask,AS,3,literal,requires additional scenario compression savings or safe fixed-record/table relocation; not fitted by current 31-entry dictionary without exceeding bank footprint
TT6C,10,Joseph,JOS,4,literal,requires additional scenario compression savings or safe fixed-record/table relocation; not fitted by current 31-entry dictionary without exceeding bank footprint
TT6C,12,Baby,B,2,literal,requires additional scenario compression savings or safe fixed-record/table relocation; not fitted by current 31-entry dictionary without exceeding bank footprint
TT6C,14,My body,MY BOD,6,literal,requires additional scenario compression savings or safe fixed-record/table relocation; not fitted by current 31-entry dictionary without exceeding bank footprint
TT6C,15,Kashim,KSH,4,literal,requires additional scenario compression savings or safe fixed-record/table relocation; not fitted by current 31-entry dictionary without exceeding bank footprint
TT6C,16,Body,BOD,4,literal,requires additional scenario compression savings or safe fixed-record/table relocation; not fitted by current 31-entry dictionary without exceeding bank footprint
TT6C,17,Time Belt,TBELT,6,literal,requires additional scenario compression savings or safe fixed-record/table relocation; not fitted by current 31-entry dictionary without exceeding bank footprint
TT6C,22,Ground,GND,4,literal,requires additional scenario compression savings or safe fixed-record/table relocation; not fitted by current 31-entry dictionary without exceeding bank footprint
TT6C,23,Hill,HL,3,literal,requires additional scenario compression savings or safe fixed-record/table relocation; not fitted by current 31-entry dictionary without exceeding bank footprint
TT6C,24,Panel,PNL,4,literal,requires additional scenario compression savings or safe fixed-record/table relocation; not fitted by current 31-entry dictionary without exceeding bank footprint
TT6C,25,Yes,YS,3,literal,requires additional scenario compression savings or safe fixed-record/table relocation; not fitted by current 31-entry dictionary without exceeding bank footprint
TT6C,26,Lid,LD,3,literal,requires additional scenario compression savings or safe fixed-record/table relocation; not fitted by current 31-entry dictionary without exceeding bank footprint
TT6C,27,North,N,3,literal,requires additional scenario compression savings or safe fixed-record/table relocation; not fitted by current 31-entry dictionary without exceeding bank footprint
TT6C,29,West,W,3,literal,requires additional scenario compression savings or safe fixed-record/table relocation; not fitted by current 31-entry dictionary without exceeding bank footprint
TT6C,30,South,S,4,literal,requires additional scenario compression savings or safe fixed-record/table relocation; not fitted by current 31-entry dictionary without exceeding bank footprint
TT6C,31,Road,RD,3,literal,requires additional scenario compression savings or safe fixed-record/table relocation; not fitted by current 31-entry dictionary without exceeding bank footprint
TT6C,33,Paper,P,2,literal,requires additional scenario compression savings or safe fixed-record/table relocation; not fitted by current 31-entry dictionary without exceeding bank footprint
TT6C,34,Text,TX,3,literal,requires additional scenario compression savings or safe fixed-record/table relocation; not fitted by current 31-entry dictionary without exceeding bank footprint
TT6C,35,Outside,OT,3,literal,requires additional scenario compression savings or safe fixed-record/table relocation; not fitted by current 31-entry dictionary without exceeding bank footprint
TT6C,36,Four,4,3,literal,requires additional scenario compression savings or safe fixed-record/table relocation; not fitted by current 31-entry dictionary without exceeding bank footprint
TT6C,37,Five,5,3,literal,requires additional scenario compression savings or safe fixed-record/table relocation; not fitted by current 31-entry dictionary without exceeding bank footprint
TT6C,38,Six,6,3,literal,requires additional scenario compression savings or safe fixed-record/table relocation; not fitted by current 31-entry dictionary without exceeding bank footprint
TT6C,39,Seven,7,3,literal,requires additional scenario compression savings or safe fixed-record/table relocation; not fitted by current 31-entry dictionary without exceeding bank footprint
TT6C,44,Glazier,GLZR,5,literal,requires additional scenario compression savings or safe fixed-record/table relocation; not fitted by current 31-entry dictionary without exceeding bank footprint
TT6C,45,Blacksmith,SMT,4,literal,requires additional scenario compression savings or safe fixed-record/table relocation; not fitted by current 31-entry dictionary without exceeding bank footprint
TT6C,46,Tavern,TAVN,4,literal,requires additional scenario compression savings or safe fixed-record/table relocation; not fitted by current 31-entry dictionary without exceeding bank footprint
TT6C,47,Tailor,TLR,4,literal,requires additional scenario compression savings or safe fixed-record/table relocation; not fitted by current 31-entry dictionary without exceeding bank footprint
TT6C,48,Catherine,CATH,5,literal,requires additional scenario compression savings or safe fixed-record/table relocation; not fitted by current 31-entry dictionary without exceeding bank footprint
TT6C,49,Mylene,MYLEN,5,literal,requires additional scenario compression savings or safe fixed-record/table relocation; not fitted by current 31-entry dictionary without exceeding bank footprint
TT6C,50,Laura,LRA,4,literal,requires additional scenario compression savings or safe fixed-record/table relocation; not fitted by current 31-entry dictionary without exceeding bank footprint
TT6C,51,Isabel,ISABL,5,literal,requires additional scenario compression savings or safe fixed-record/table relocation; not fitted by current 31-entry dictionary without exceeding bank footprint
TT6C,52,Morocco,MOROC,5,literal,requires additional scenario compression savings or safe fixed-record/table relocation; not fitted by current 31-entry dictionary without exceeding bank footprint
TT6C,53,Rebecca,REBEC,5,literal,requires additional scenario compression savings or safe fixed-record/table relocation; not fitted by current 31-entry dictionary without exceeding bank footprint
TT6C,56,Austria,AUST,6,literal,requires additional scenario compression savings or safe fixed-record/table relocation; not fitted by current 31-entry dictionary without exceeding bank footprint
TT6C,57,France,FRAN,4,literal,requires additional scenario compression savings or safe fixed-record/table relocation; not fitted by current 31-entry dictionary without exceeding bank footprint
TT6C,58,Switzerland,SWIS,4,literal,requires additional scenario compression savings or safe fixed-record/table relocation; not fitted by current 31-entry dictionary without exceeding bank footprint
TT6C,59,Belgium,BELG,5,literal,requires additional scenario compression savings or safe fixed-record/table relocation; not fitted by current 31-entry dictionary without exceeding bank footprint
TT6C,60,Plantain,PLANT,5,literal,requires additional scenario compression savings or safe fixed-record/table relocation; not fitted by current 31-entry dictionary without exceeding bank footprint
TT6C,62,Fish mint,DOKU,5,literal,requires additional scenario compression savings or safe fixed-record/table relocation; not fitted by current 31-entry dictionary without exceeding bank footprint
TT6C,63,Swertia,SENBR,5,literal,requires additional scenario compression savings or safe fixed-record/table relocation; not fitted by current 31-entry dictionary without exceeding bank footprint
TT6C,64,Daedalus,DAEDL,5,literal,requires additional scenario compression savings or safe fixed-record/table relocation; not fitted by current 31-entry dictionary without exceeding bank footprint
TT6C,65,Centaur,CENTA,6,literal,requires additional scenario compression savings or safe fixed-record/table relocation; not fitted by current 31-entry dictionary without exceeding bank footprint
TT6C,66,Atlas,ATL,4,literal,requires additional scenario compression savings or safe fixed-record/table relocation; not fitted by current 31-entry dictionary without exceeding bank footprint
TT6C,67,Cerberus,CERBR,5,literal,requires additional scenario compression savings or safe fixed-record/table relocation; not fitted by current 31-entry dictionary without exceeding bank footprint
TT6C,70,Tom,TM,3,literal,requires additional scenario compression savings or safe fixed-record/table relocation; not fitted by current 31-entry dictionary without exceeding bank footprint
TT6C,71,Jim,JM,3,literal,requires additional scenario compression savings or safe fixed-record/table relocation; not fitted by current 31-entry dictionary without exceeding bank footprint
TT6C,72,Serow,SRW,4,literal,requires additional scenario compression savings or safe fixed-record/table relocation; not fitted by current 31-entry dictionary without exceeding bank footprint
TT6C,73,Coyote,COY,5,literal,requires additional scenario compression savings or safe fixed-record/table relocation; not fitted by current 31-entry dictionary without exceeding bank footprint
TT6C,74,Reindeer,REIN,4,literal,requires additional scenario compression savings or safe fixed-record/table relocation; not fitted by current 31-entry dictionary without exceeding bank footprint
TT6C,80,Magdala,MAGDA,5,literal,requires additional scenario compression savings or safe fixed-record/table relocation; not fitted by current 31-entry dictionary without exceeding bank footprint
TT6C,81,Nazareth,NZR,4,literal,requires additional scenario compression savings or safe fixed-record/table relocation; not fitted by current 31-entry dictionary without exceeding bank footprint
TT6C,82,Bethlehem,BETH,5,literal,requires additional scenario compression savings or safe fixed-record/table relocation; not fitted by current 31-entry dictionary without exceeding bank footprint
TT6C,83,Jerusalem,JERUS,5,literal,requires additional scenario compression savings or safe fixed-record/table relocation; not fitted by current 31-entry dictionary without exceeding bank footprint
TT6C,84,Bishop,BISH,5,literal,requires additional scenario compression savings or safe fixed-record/table relocation; not fitted by current 31-entry dictionary without exceeding bank footprint
TT6C,88,Jeanne,JEAN,5,literal,requires additional scenario compression savings or safe fixed-record/table relocation; not fitted by current 31-entry dictionary without exceeding bank footprint
TT6C,89,Alexander,ALEX,6,literal,requires additional scenario compression savings or safe fixed-record/table relocation; not fitted by current 31-entry dictionary without exceeding bank footprint
TT6C,90,Lincoln,LINC,5,literal,requires additional scenario compression savings or safe fixed-record/table relocation; not fitted by current 31-entry dictionary without exceeding bank footprint
TT6C,93,Right,R,3,literal,requires additional scenario compression savings or safe fixed-record/table relocation; not fitted by current 31-entry dictionary without exceeding bank footprint
TT6B,2,Smell,SM,3,literal,requires additional scenario compression savings or safe fixed-record/table relocation; not fitted by current 31-entry dictionary without exceeding bank footprint
TT6B,6,Joseph,JOS,4,literal,requires additional scenario compression savings or safe fixed-record/table relocation; not fitted by current 31-entry dictionary without exceeding bank footprint
TT6B,8,Body,BOD,4,literal,requires additional scenario compression savings or safe fixed-record/table relocation; not fitted by current 31-entry dictionary without exceeding bank footprint
TT6B,9,Soil,SL,3,literal,requires additional scenario compression savings or safe fixed-record/table relocation; not fitted by current 31-entry dictionary without exceeding bank footprint
TT6B,10,Glare,GLR,4,literal,requires additional scenario compression savings or safe fixed-record/table relocation; not fitted by current 31-entry dictionary without exceeding bank footprint
TT6B,19,North,N,3,literal,requires additional scenario compression savings or safe fixed-record/table relocation; not fitted by current 31-entry dictionary without exceeding bank footprint
TT6B,21,West,W,3,literal,requires additional scenario compression savings or safe fixed-record/table relocation; not fitted by current 31-entry dictionary without exceeding bank footprint
TT6B,22,South,S,4,literal,requires additional scenario compression savings or safe fixed-record/table relocation; not fitted by current 31-entry dictionary without exceeding bank footprint
TT6B,23,Forward,FWD,4,literal,requires additional scenario compression savings or safe fixed-record/table relocation; not fitted by current 31-entry dictionary without exceeding bank footprint
TT6B,24,Back,BCK,4,literal,requires additional scenario compression savings or safe fixed-record/table relocation; not fitted by current 31-entry dictionary without exceeding bank footprint
TT6B,28,Trough,TRGH,5,literal,requires additional scenario compression savings or safe fixed-record/table relocation; not fitted by current 31-entry dictionary without exceeding bank footprint
TT6B,29,Horse,HR,3,literal,requires additional scenario compression savings or safe fixed-record/table relocation; not fitted by current 31-entry dictionary without exceeding bank footprint
TT6B,33,Wisdom,WIS,4,literal,requires additional scenario compression savings or safe fixed-record/table relocation; not fitted by current 31-entry dictionary without exceeding bank footprint
TT6B,34,Knowledge,KNOW,5,literal,requires additional scenario compression savings or safe fixed-record/table relocation; not fitted by current 31-entry dictionary without exceeding bank footprint
TT6B,36,Baal,BAL,4,literal,requires additional scenario compression savings or safe fixed-record/table relocation; not fitted by current 31-entry dictionary without exceeding bank footprint
TT6B,37,Jehovah,JHV,4,literal,requires additional scenario compression savings or safe fixed-record/table relocation; not fitted by current 31-entry dictionary without exceeding bank footprint
TT6B,39,Jordan,JORDN,5,literal,requires additional scenario compression savings or safe fixed-record/table relocation; not fitted by current 31-entry dictionary without exceeding bank footprint
TT6B,40,Syria,SYR,4,literal,requires additional scenario compression savings or safe fixed-record/table relocation; not fitted by current 31-entry dictionary without exceeding bank footprint
TT6B,43,Solomon,SOLO,4,literal,requires additional scenario compression savings or safe fixed-record/table relocation; not fitted by current 31-entry dictionary without exceeding bank footprint
TT6B,44,Samson,SAM,4,literal,requires additional scenario compression savings or safe fixed-record/table relocation; not fitted by current 31-entry dictionary without exceeding bank footprint
TT6B,45,Jacob,JAC,4,literal,requires additional scenario compression savings or safe fixed-record/table relocation; not fitted by current 31-entry dictionary without exceeding bank footprint
TT6B,46,Isaac,ISC,4,literal,requires additional scenario compression savings or safe fixed-record/table relocation; not fitted by current 31-entry dictionary without exceeding bank footprint
TT6B,47,Saddam,SADM,4,literal,requires additional scenario compression savings or safe fixed-record/table relocation; not fitted by current 31-entry dictionary without exceeding bank footprint
TT6B,48,Abraham,ABRAM,5,literal,requires additional scenario compression savings or safe fixed-record/table relocation; not fitted by current 31-entry dictionary without exceeding bank footprint
TT6B,49,Satan,SATN,4,literal,requires additional scenario compression savings or safe fixed-record/table relocation; not fitted by current 31-entry dictionary without exceeding bank footprint
TT6B,50,Christ,CST,4,literal,requires additional scenario compression savings or safe fixed-record/table relocation; not fitted by current 31-entry dictionary without exceeding bank footprint
TT6B,51,Zoroaster,ZORO,7,literal,requires additional scenario compression savings or safe fixed-record/table relocation; not fitted by current 31-entry dictionary without exceeding bank footprint
TT6B,58,Praise,PRSE,4,literal,requires additional scenario compression savings or safe fixed-record/table relocation; not fitted by current 31-entry dictionary without exceeding bank footprint
TT6A,23,Right house,R H,5,literal,requires additional scenario compression savings or safe fixed-record/table relocation; not fitted by current 31-entry dictionary without exceeding bank footprint
TT6A,24,Left house,L HSE,6,literal,requires additional scenario compression savings or safe fixed-record/table relocation; not fitted by current 31-entry dictionary without exceeding bank footprint
TT6A,25,River,RV,3,literal,requires additional scenario compression savings or safe fixed-record/table relocation; not fitted by current 31-entry dictionary without exceeding bank footprint
TT6A,28,Bowl,BL,4,literal,requires additional scenario compression savings or safe fixed-record/table relocation; not fitted by current 31-entry dictionary without exceeding bank footprint
TT6A,30,Bracelet,BRC,4,literal,requires additional scenario compression savings or safe fixed-record/table relocation; not fitted by current 31-entry dictionary without exceeding bank footprint
TT6A,31,Necklace,NECK,6,literal,requires additional scenario compression savings or safe fixed-record/table relocation; not fitted by current 31-entry dictionary without exceeding bank footprint
TT6A,32,Wheat,WT,4,literal,requires additional scenario compression savings or safe fixed-record/table relocation; not fitted by current 31-entry dictionary without exceeding bank footprint
TT6A,36,Tools,TOOL,4,literal,requires additional scenario compression savings or safe fixed-record/table relocation; not fitted by current 31-entry dictionary without exceeding bank footprint
TT6A,37,Stand,BD,3,literal,requires additional scenario compression savings or safe fixed-record/table relocation; not fitted by current 31-entry dictionary without exceeding bank footprint
TT6A,38,On stand,ON BD,5,literal,requires additional scenario compression savings or safe fixed-record/table relocation; not fitted by current 31-entry dictionary without exceeding bank footprint
TT4,0,Look,SE,3,literal,requires additional scenario compression savings or safe fixed-record/table relocation; not fitted by current 31-entry dictionary without exceeding bank footprint
TT4,4,Silver coin,S,2,literal,requires additional scenario compression savings or safe fixed-record/table relocation; not fitted by current 31-entry dictionary without exceeding bank footprint
TT4,7,Statue,STAT,5,literal,requires additional scenario compression savings or safe fixed-record/table relocation; not fitted by current 31-entry dictionary without exceeding bank footprint
TT4,8,Priest,PRST,4,literal,requires additional scenario compression savings or safe fixed-record/table relocation; not fitted by current 31-entry dictionary without exceeding bank footprint
TT4,9,Head,HD,3,literal,requires additional scenario compression savings or safe fixed-record/table relocation; not fitted by current 31-entry dictionary without exceeding bank footprint
TT4,18,Continuous,CONT,5,literal,requires additional scenario compression savings or safe fixed-record/table relocation; not fitted by current 31-entry dictionary without exceeding bank footprint
TT4,19,Olive,O,2,literal,requires additional scenario compression savings or safe fixed-record/table relocation; not fitted by current 31-entry dictionary without exceeding bank footprint
TT4,21,Bell,BL,3,literal,requires additional scenario compression savings or safe fixed-record/table relocation; not fitted by current 31-entry dictionary without exceeding bank footprint
TT4,22,Give,GV,4,literal,requires additional scenario compression savings or safe fixed-record/table relocation; not fitted by current 31-entry dictionary without exceeding bank footprint
TT4,27,Building,BLD,4,literal,requires additional scenario compression savings or safe fixed-record/table relocation; not fitted by current 31-entry dictionary without exceeding bank footprint
TT4,28,Merchant,MRCH,5,literal,requires additional scenario compression savings or safe fixed-record/table relocation; not fitted by current 31-entry dictionary without exceeding bank footprint
TT4,30,Body,BOD,4,literal,requires additional scenario compression savings or safe fixed-record/table relocation; not fitted by current 31-entry dictionary without exceeding bank footprint
TT4,31,Soil,SL,3,literal,requires additional scenario compression savings or safe fixed-record/table relocation; not fitted by current 31-entry dictionary without exceeding bank footprint
TT4,32,Buy,BY,3,literal,requires additional scenario compression savings or safe fixed-record/table relocation; not fitted by current 31-entry dictionary without exceeding bank footprint
TT4,33,Herb,H,2,literal,requires additional scenario compression savings or safe fixed-record/table relocation; not fitted by current 31-entry dictionary without exceeding bank footprint
TT4,35,Temple,TMPL,5,literal,requires additional scenario compression savings or safe fixed-record/table relocation; not fitted by current 31-entry dictionary without exceeding bank footprint
TT4,38,Dario,DAR,4,literal,requires additional scenario compression savings or safe fixed-record/table relocation; not fitted by current 31-entry dictionary without exceeding bank footprint
TT4,42,Level,LVL,4,literal,requires additional scenario compression savings or safe fixed-record/table relocation; not fitted by current 31-entry dictionary without exceeding bank footprint
TT4,45,Massage,RB,3,literal,requires additional scenario compression savings or safe fixed-record/table relocation; not fitted by current 31-entry dictionary without exceeding bank footprint
TT4,51,North,N,3,literal,requires additional scenario compression savings or safe fixed-record/table relocation; not fitted by current 31-entry dictionary without exceeding bank footprint
TT4,53,West,W,3,literal,requires additional scenario compression savings or safe fixed-record/table relocation; not fitted by current 31-entry dictionary without exceeding bank footprint
TT4,54,Girl,GRL,4,literal,requires additional scenario compression savings or safe fixed-record/table relocation; not fitted by current 31-entry dictionary without exceeding bank footprint
TT4,55,Mother,MOM,4,literal,requires additional scenario compression savings or safe fixed-record/table relocation; not fitted by current 31-entry dictionary without exceeding bank footprint
TT4,57,Fish mint,DOKU,5,literal,requires additional scenario compression savings or safe fixed-record/table relocation; not fitted by current 31-entry dictionary without exceeding bank footprint
TT4,58,Jiaogulan,JIAO,7,literal,requires additional scenario compression savings or safe fixed-record/table relocation; not fitted by current 31-entry dictionary without exceeding bank footprint
TT4,61,Road,RD,3,literal,requires additional scenario compression savings or safe fixed-record/table relocation; not fitted by current 31-entry dictionary without exceeding bank footprint
TT4,62,Take,TK,3,literal,requires additional scenario compression savings or safe fixed-record/table relocation; not fitted by current 31-entry dictionary without exceeding bank footprint
TT4,63,Soldier,SOL,4,literal,requires additional scenario compression savings or safe fixed-record/table relocation; not fitted by current 31-entry dictionary without exceeding bank footprint
TT4,64,Spear,SP,3,literal,requires additional scenario compression savings or safe fixed-record/table relocation; not fitted by current 31-entry dictionary without exceeding bank footprint
TT4,66,Back,BCK,4,literal,requires additional scenario compression savings or safe fixed-record/table relocation; not fitted by current 31-entry dictionary without exceeding bank footprint
TT4,68,Socrates,SOCR,5,literal,requires additional scenario compression savings or safe fixed-record/table relocation; not fitted by current 31-entry dictionary without exceeding bank footprint
TT4,69,Pythagoras,PYTH,6,literal,requires additional scenario compression savings or safe fixed-record/table relocation; not fitted by current 31-entry dictionary without exceeding bank footprint
TT4,71,Herodotus,HEROD,5,literal,requires additional scenario compression savings or safe fixed-record/table relocation; not fitted by current 31-entry dictionary without exceeding bank footprint
TT4,72,Homer,HOM,4,literal,requires additional scenario compression savings or safe fixed-record/table relocation; not fitted by current 31-entry dictionary without exceeding bank footprint
TT4,76,Nicras,NIC,4,literal,requires additional scenario compression savings or safe fixed-record/table relocation; not fitted by current 31-entry dictionary without exceeding bank footprint
TT4,77,Polis,POL,4,literal,requires additional scenario compression savings or safe fixed-record/table relocation; not fitted by current 31-entry dictionary without exceeding bank footprint
TT4,78,Aristotle,ARIS,4,literal,requires additional scenario compression savings or safe fixed-record/table relocation; not fitted by current 31-entry dictionary without exceeding bank footprint
TT4,79,Imelda,IMEL,5,literal,requires additional scenario compression savings or safe fixed-record/table relocation; not fitted by current 31-entry dictionary without exceeding bank footprint
TT4,80,Jakarta,JAKAR,6,literal,requires additional scenario compression savings or safe fixed-record/table relocation; not fitted by current 31-entry dictionary without exceeding bank footprint
TT4,81,Sparta,SPAR,5,literal,requires additional scenario compression savings or safe fixed-record/table relocation; not fitted by current 31-entry dictionary without exceeding bank footprint
TT4,82,Daedalus,DAEDAL,6,literal,requires additional scenario compression savings or safe fixed-record/table relocation; not fitted by current 31-entry dictionary without exceeding bank footprint
TT4,83,Heracles,HERAC,5,literal,requires additional scenario compression savings or safe fixed-record/table relocation; not fitted by current 31-entry dictionary without exceeding bank footprint
TT4,84,Napoleon,NAPOL,5,literal,requires additional scenario compression savings or safe fixed-record/table relocation; not fitted by current 31-entry dictionary without exceeding bank footprint
TT4,85,Gorbachev,GORBY,7,literal,requires additional scenario compression savings or safe fixed-record/table relocation; not fitted by current 31-entry dictionary without exceeding bank footprint
TT4,86,Agamemnon,AGAM,6,literal,requires additional scenario compression savings or safe fixed-record/table relocation; not fitted by current 31-entry dictionary without exceeding bank footprint
TT4,87,Kannon,KAN,4,literal,requires additional scenario compression savings or safe fixed-record/table relocation; not fitted by current 31-entry dictionary without exceeding bank footprint
TT4,88,Partisan,PARTSN,6,literal,requires additional scenario compression savings or safe fixed-record/table relocation; not fitted by current 31-entry dictionary without exceeding bank footprint
TT4,89,Aisnon,AISNO,5,literal,requires additional scenario compression savings or safe fixed-record/table relocation; not fitted by current 31-entry dictionary without exceeding bank footprint
TT4,90,Parthenon,PARTH,5,literal,requires additional scenario compression savings or safe fixed-record/table relocation; not fitted by current 31-entry dictionary without exceeding bank footprint
TT4,91,Strawberry,STR,4,literal,requires additional scenario compression savings or safe fixed-record/table relocation; not fitted by current 31-entry dictionary without exceeding bank footprint
TT4,92,Melon,MEL,4,literal,requires additional scenario compression savings or safe fixed-record/table relocation; not fitted by current 31-entry dictionary without exceeding bank footprint
TT4,96,Coffee,COFE,5,literal,requires additional scenario compression savings or safe fixed-record/table relocation; not fitted by current 31-entry dictionary without exceeding bank footprint
TT5,0,Look,SE,3,literal,requires additional scenario compression savings or safe fixed-record/table relocation; not fitted by current 31-entry dictionary without exceeding bank footprint
TT5,2,Ask,AS,3,literal,requires additional scenario compression savings or safe fixed-record/table relocation; not fitted by current 31-entry dictionary without exceeding bank footprint
TT5,5,Bell,BL,3,literal,requires additional scenario compression savings or safe fixed-record/table relocation; not fitted by current 31-entry dictionary without exceeding bank footprint
TT5,8,Ruins,RUIN,4,literal,requires additional scenario compression savings or safe fixed-record/table relocation; not fitted by current 31-entry dictionary without exceeding bank footprint
TT5,9,Hoofprints,TRACK,6,literal,requires additional scenario compression savings or safe fixed-record/table relocation; not fitted by current 31-entry dictionary without exceeding bank footprint
TT5,10,North,N,3,literal,requires additional scenario compression savings or safe fixed-record/table relocation; not fitted by current 31-entry dictionary without exceeding bank footprint
TT5,12,West,W,3,literal,requires additional scenario compression savings or safe fixed-record/table relocation; not fitted by current 31-entry dictionary without exceeding bank footprint
TT5,13,Take,GT,3,literal,requires additional scenario compression savings or safe fixed-record/table relocation; not fitted by current 31-entry dictionary without exceeding bank footprint
TT5,17,Money,MN,3,literal,requires additional scenario compression savings or safe fixed-record/table relocation; not fitted by current 31-entry dictionary without exceeding bank footprint
TT5,18,Woods,WD,3,literal,requires additional scenario compression savings or safe fixed-record/table relocation; not fitted by current 31-entry dictionary without exceeding bank footprint
TT5,22,Cotton,CT,3,literal,requires additional scenario compression savings or safe fixed-record/table relocation; not fitted by current 31-entry dictionary without exceeding bank footprint
TT5,23,Yes,YS,3,literal,requires additional scenario compression savings or safe fixed-record/table relocation; not fitted by current 31-entry dictionary without exceeding bank footprint
TT5,30,Cotton,COT,4,literal,requires additional scenario compression savings or safe fixed-record/table relocation; not fitted by current 31-entry dictionary without exceeding bank footprint
TT5,34,4 cups,4B,4,literal,requires additional scenario compression savings or safe fixed-record/table relocation; not fitted by current 31-entry dictionary without exceeding bank footprint
TT5,35,6 cups,6B,4,literal,requires additional scenario compression savings or safe fixed-record/table relocation; not fitted by current 31-entry dictionary without exceeding bank footprint
TT5,36,8 cups,8B,4,literal,requires additional scenario compression savings or safe fixed-record/table relocation; not fitted by current 31-entry dictionary without exceeding bank footprint
TT5,37,10 cups,10B,5,literal,requires additional scenario compression savings or safe fixed-record/table relocation; not fitted by current 31-entry dictionary without exceeding bank footprint
TT5,38,25 baskets,25,4,literal,requires additional scenario compression savings or safe fixed-record/table relocation; not fitted by current 31-entry dictionary without exceeding bank footprint
TT5,39,26 baskets,26,4,literal,requires additional scenario compression savings or safe fixed-record/table relocation; not fitted by current 31-entry dictionary without exceeding bank footprint
TT5,40,27 baskets,27,4,literal,requires additional scenario compression savings or safe fixed-record/table relocation; not fitted by current 31-entry dictionary without exceeding bank footprint
TT5,41,28 baskets,28,4,literal,requires additional scenario compression savings or safe fixed-record/table relocation; not fitted by current 31-entry dictionary without exceeding bank footprint
TT5,42,1 place,1P,5,literal,requires additional scenario compression savings or safe fixed-record/table relocation; not fitted by current 31-entry dictionary without exceeding bank footprint
TT5,43,2 places,2P,5,literal,requires additional scenario compression savings or safe fixed-record/table relocation; not fitted by current 31-entry dictionary without exceeding bank footprint
TT5,44,3 places,3P,5,literal,requires additional scenario compression savings or safe fixed-record/table relocation; not fitted by current 31-entry dictionary without exceeding bank footprint
TT5,45,4 places,4P,5,literal,requires additional scenario compression savings or safe fixed-record/table relocation; not fitted by current 31-entry dictionary without exceeding bank footprint
TT5,46,60 centimeters,60 CM,6,literal,requires additional scenario compression savings or safe fixed-record/table relocation; not fitted by current 31-entry dictionary without exceeding bank footprint
TT5,47,65 centimeters,65 CM,6,literal,requires additional scenario compression savings or safe fixed-record/table relocation; not fitted by current 31-entry dictionary without exceeding bank footprint
TT5,48,70 centimeters,70 CM,6,literal,requires additional scenario compression savings or safe fixed-record/table relocation; not fitted by current 31-entry dictionary without exceeding bank footprint
TT5,49,75 centimeters,75 CM,6,literal,requires additional scenario compression savings or safe fixed-record/table relocation; not fitted by current 31-entry dictionary without exceeding bank footprint
TT5,50,30 minutes,30M,5,literal,requires additional scenario compression savings or safe fixed-record/table relocation; not fitted by current 31-entry dictionary without exceeding bank footprint
TT5,51,60 minutes,60M,5,literal,requires additional scenario compression savings or safe fixed-record/table relocation; not fitted by current 31-entry dictionary without exceeding bank footprint
TT5,52,90 minutes,90M,5,literal,requires additional scenario compression savings or safe fixed-record/table relocation; not fitted by current 31-entry dictionary without exceeding bank footprint
TT5,53,120 minutes,120M,7,literal,requires additional scenario compression savings or safe fixed-record/table relocation; not fitted by current 31-entry dictionary without exceeding bank footprint
TT5,54,Time,TM,3,literal,requires additional scenario compression savings or safe fixed-record/table relocation; not fitted by current 31-entry dictionary without exceeding bank footprint
TT5,57,Cavalry,CAV,5,literal,requires additional scenario compression savings or safe fixed-record/table relocation; not fitted by current 31-entry dictionary without exceeding bank footprint
TT5,59,White,WT,4,literal,requires additional scenario compression savings or safe fixed-record/table relocation; not fitted by current 31-entry dictionary without exceeding bank footprint
TT5,60,Black,BK,4,literal,requires additional scenario compression savings or safe fixed-record/table relocation; not fitted by current 31-entry dictionary without exceeding bank footprint
TT5,61,Madame Dewi,DEWI,6,literal,requires additional scenario compression savings or safe fixed-record/table relocation; not fitted by current 31-entry dictionary without exceeding bank footprint
TT5,62,Mrs. Stowe,STOWE,6,literal,requires additional scenario compression savings or safe fixed-record/table relocation; not fitted by current 31-entry dictionary without exceeding bank footprint
TT5,63,Mrs. Akino,AKINO,6,literal,requires additional scenario compression savings or safe fixed-record/table relocation; not fitted by current 31-entry dictionary without exceeding bank footprint
TT5,64,Mrs. Mary,MARY,7,literal,requires additional scenario compression savings or safe fixed-record/table relocation; not fitted by current 31-entry dictionary without exceeding bank footprint
TT5,66,Kilauea,KILAU,5,literal,requires additional scenario compression savings or safe fixed-record/table relocation; not fitted by current 31-entry dictionary without exceeding bank footprint
TT5,68,Rushmore,RUSH,5,literal,requires additional scenario compression savings or safe fixed-record/table relocation; not fitted by current 31-entry dictionary without exceeding bank footprint
TT5,69,Oiwake,OIWA,4,literal,requires additional scenario compression savings or safe fixed-record/table relocation; not fitted by current 31-entry dictionary without exceeding bank footprint
TT5,70,Projector,PROJ,5,literal,requires additional scenario compression savings or safe fixed-record/table relocation; not fitted by current 31-entry dictionary without exceeding bank footprint
TT5,74,Airplane,AIR,4,literal,requires additional scenario compression savings or safe fixed-record/table relocation; not fitted by current 31-entry dictionary without exceeding bank footprint
TT5,76,Back,BCK,4,literal,requires additional scenario compression savings or safe fixed-record/table relocation; not fitted by current 31-entry dictionary without exceeding bank footprint
TT5,77,Answer,ANS,4,literal,requires additional scenario compression savings or safe fixed-record/table relocation; not fitted by current 31-entry dictionary without exceeding bank footprint
TT5,78,Problem,PROB,5,literal,requires additional scenario compression savings or safe fixed-record/table relocation; not fitted by current 31-entry dictionary without exceeding bank footprint
TT5,79,Cow,CW,3,literal,requires additional scenario compression savings or safe fixed-record/table relocation; not fitted by current 31-entry dictionary without exceeding bank footprint
TT5,80,Sheep,SHP,4,literal,requires additional scenario compression savings or safe fixed-record/table relocation; not fitted by current 31-entry dictionary without exceeding bank footprint
TT5,81,Pig,PG,3,literal,requires additional scenario compression savings or safe fixed-record/table relocation; not fitted by current 31-entry dictionary without exceeding bank footprint
TT5,84,Three,3,4,literal,requires additional scenario compression savings or safe fixed-record/table relocation; not fitted by current 31-entry dictionary without exceeding bank footprint
TT5,88,Seven,7,4,literal,requires additional scenario compression savings or safe fixed-record/table relocation; not fitted by current 31-entry dictionary without exceeding bank footprint
TT5,89,Eight,8,4,literal,requires additional scenario compression savings or safe fixed-record/table relocation; not fitted by current 31-entry dictionary without exceeding bank footprint
TT5,92,Zero,0,2,literal,requires additional scenario compression savings or safe fixed-record/table relocation; not fitted by current 31-entry dictionary without exceeding bank footprint
TT5,93,One,1,2,literal,requires additional scenario compression savings or safe fixed-record/table relocation; not fitted by current 31-entry dictionary without exceeding bank footprint
TT5,94,Two,2,2,literal,requires additional scenario compression savings or safe fixed-record/table relocation; not fitted by current 31-entry dictionary without exceeding bank footprint
TT5,95,Three,3,2,literal,requires additional scenario compression savings or safe fixed-record/table relocation; not fitted by current 31-entry dictionary without exceeding bank footprint
TT5,96,Four,4,2,literal,requires additional scenario compression savings or safe fixed-record/table relocation; not fitted by current 31-entry dictionary without exceeding bank footprint
TT5,97,Five,5,2,literal,requires additional scenario compression savings or safe fixed-record/table relocation; not fitted by current 31-entry dictionary without exceeding bank footprint
TT5,99,Six,6,2,literal,requires additional scenario compression savings or safe fixed-record/table relocation; not fitted by current 31-entry dictionary without exceeding bank footprint
TT5,100,Seven,7,2,literal,requires additional scenario compression savings or safe fixed-record/table relocation; not fitted by current 31-entry dictionary without exceeding bank footprint
TT5,101,Eight,8,2,literal,requires additional scenario compression savings or safe fixed-record/table relocation; not fitted by current 31-entry dictionary without exceeding bank footprint
TT5,102,Nine,9,2,literal,requires additional scenario compression savings or safe fixed-record/table relocation; not fitted by current 31-entry dictionary without exceeding bank footprint
TT5,107,Small,SM,4,literal,requires additional scenario compression savings or safe fixed-record/table relocation; not fitted by current 31-entry dictionary without exceeding bank footprint
TT5,108,Mansion,MANR,4,literal,requires additional scenario compression savings or safe fixed-record/table relocation; not fitted by current 31-entry dictionary without exceeding bank footprint
TT5,111,Statue,STAT,5,literal,requires additional scenario compression savings or safe fixed-record/table relocation; not fitted by current 31-entry dictionary without exceeding bank footprint
T25,22,Take,GT,3,literal,requires additional scenario compression savings or safe fixed-record/table relocation; not fitted by current 31-entry dictionary without exceeding bank footprint
T25,37,River,RV,3,literal,requires additional scenario compression savings or safe fixed-record/table relocation; not fitted by current 31-entry dictionary without exceeding bank footprint
