bank,index,current_label,full_word_target,changed,literal_encoded_bytes,encode_ok,encode_error,width_ok,width_error,review_status
TT3A,0,SE,Look,True,4,True,,True,,verified or prior target
TT3A,1,Talk,Talk,False,4,True,,True,,verified or prior target
TT3A,2,GT,Take,True,4,True,,True,,verified or prior target
TT3A,3,Use,Use,False,4,True,,True,,verified or prior target
TT3A,4,Move,Move,False,4,True,,True,,verified or prior target
TT3A,5,Area,Area,False,4,True,,True,,verified or prior target
TT3A,6,BOD,Body,True,5,True,,True,,verified or prior target
TT3A,7,POCKT,Pocket,True,6,True,,True,,verified or prior target
TT3A,8,PLI,Pliers,True,6,True,,True,,verified or prior target
TT3A,9,Out,Out,False,4,True,,True,,verified or prior target
TT3A,10,Hit,Hit,False,4,True,,True,,verified or prior target
TT3A,11,Data,Data,False,4,True,,True,,verified or prior target
TT3A,12,In,In,False,3,True,,True,,verified or prior target
TT3A,13,Wall,Wall,False,4,True,,True,,verified or prior target
TT3A,14,Charm,Charm,False,5,True,,True,,verified or prior target
TT3A,15,Out,Out,False,4,True,,True,,verified or prior target
TT3A,16,PS,Pass,True,4,True,,True,,verified or prior target
TT3A,17,In,In,False,3,True,,True,,verified or prior target
TT3A,18,Walk,Walk,False,4,True,,True,,verified or prior target
TT3A,19,FL,Floor,True,5,True,,True,,verified or prior target
TT3A,20,Nick,Nick,False,4,True,,True,,verified or prior target
TT3A,21,RAL,Ralph,True,5,True,,True,,verified or prior target
TT3A,22,Frankie,Frankie,False,7,True,,True,,verified or prior target
TT3A,23,Stove,Stove,False,5,True,,True,,verified or prior target
TT3A,24,Bed,Bed,False,4,True,,True,,verified or prior target
TT3A,25,Shower,Shower,False,6,True,,True,,verified or prior target
TT3A,26,SHT,Sheet,True,5,True,,True,,verified or prior target
TT3A,27,RB,Rub,True,4,True,,True,,verified or prior target
TT3A,28,MATT,Mattress,True,7,True,,True,,verified or prior target
TT3A,29,Tile,Tile,False,4,True,,True,,verified or prior target
TT3A,30,Rock,Rock,False,4,True,,True,,verified or prior target
TT3A,31,Shower,Shower,False,6,True,,True,,verified or prior target
TT3A,32,WR,Wear,True,4,True,,True,,verified or prior target
TT3A,33,TUN,Tunnel,True,6,True,,True,,verified or prior target
TT3A,34,SL,Soil,True,4,True,,True,,verified or prior target
TT3A,35,FR,Front,True,5,True,,True,,verified or prior target
TT3A,36,BCK,Back,True,5,True,,True,,verified or prior target
TT3A,37,SOL,Soldier,True,7,True,,True,,verified or prior target
TT3A,38,Yes,Yes,False,4,True,,True,,verified or prior target
TT3A,39,No,No,False,3,True,,True,,verified or prior target
TT3A,40,Gun,Gun,False,4,True,,True,,verified or prior target
TT3A,41,Toss,Toss,False,4,True,,True,,verified or prior target
TT3A,42,FNC,Fence,True,5,True,,True,,verified or prior target
TT3A,43,WD,Woods,True,5,True,,True,,verified or prior target
TT3A,44,BCH,Bench,True,5,True,,True,,verified or prior target
TT3A,45,Man,Man,False,4,True,,True,,verified or prior target
TT3A,46,SIM,Simon,True,5,True,,True,,verified or prior target
TT3A,47,Red,Red,False,4,True,,True,,verified or prior target
TT3A,48,Blue,Blue,False,5,True,,True,,verified or prior target
TT3A,49,Notes,Notes,False,5,True,,True,,verified or prior target
TT3A,50,Pass,Pass,False,4,True,,True,,verified or prior target
TT3A,51,GRT,Greeting,True,8,True,,True,,verified or prior target
TT3A,52,CRM,Crumple,True,7,True,,True,,verified or prior target
TT3A,53,BRN,Burn,True,5,True,,True,,verified or prior target
TT3A,54,Tear,Tear,False,4,True,,True,,verified or prior target
TT3A,55,JN,Join,True,5,True,,True,,verified or prior target
TT3A,56,N,North,True,5,True,,True,,verified or prior target
TT3A,57,East,East,False,4,True,,True,,verified or prior target
TT3A,58,W,West,True,4,True,,True,,verified or prior target
TT3A,59,Mill,Mill,False,4,True,,True,,verified or prior target
TT3A,60,FNT,Fountain,True,7,True,,True,,verified or prior target
TT3A,61,BT,Bottle,True,6,True,,True,,verified or prior target
TT3A,62,SW,Mita,True,4,True,,True,,reviewed: Japanese place name
TT3A,63,No,No,False,3,True,,True,,verified or prior target
TT3A,64,S,South,True,5,True,,True,,verified or prior target
TT3A,65,GET,Get,True,4,True,,True,,verified or prior target
TT3A,66,PP,Paper,True,5,True,,True,,verified or prior target
TT3A,67,BCK,Back,True,5,True,,True,,verified or prior target
TT3A,68,Trash,Trash,False,5,True,,True,,verified or prior target
TT3A,69,Old man,Old man,False,7,True,,True,,verified or prior target
TT3A,70,Gestapo,Gestapo,False,7,True,,True,,verified or prior target
TT3A,71,GHETO,Ghetto,True,6,True,,True,,verified or prior target
TT3A,72,RESID,Residence,True,8,True,,True,,verified or prior target
TT3A,73,RESIST,Resistance,True,9,True,,True,,verified or prior target
TT3A,74,REGSTR,Register,True,7,True,,True,,verified or prior target
TT3A,75,G-boat,Gunboat,True,7,True,,True,,verified or prior target
TT3A,76,Nazi,Nazi,False,4,True,,True,,verified or prior target
TT3A,77,U-boat,U-boat,False,6,True,,True,,verified or prior target
TT3A,78,Banana,Banana,False,6,True,,True,,verified or prior target
TT3A,79,Gabin,Gabin,False,5,True,,True,,verified or prior target
TT3A,80,DLN,Delon,True,5,True,,True,,verified or prior target
TT3A,81,BELMO,Belmondo,True,8,True,,True,,verified or prior target
TT3A,82,PHIL,Philippe,True,7,True,,True,,verified or prior target
TT3A,83,Truffaut,Truffaut,False,7,True,,True,,verified or prior target
TT3A,84,MONTY,Montgomery,True,9,True,,True,,verified or prior target
TT3A,85,PTTN,Patton,True,6,True,,True,,verified or prior target
TT3A,86,EISEN,Eisenhower,True,9,True,,True,,verified or prior target
TT3A,87,ROOSVLT,Roosevelt,True,8,True,,True,,verified or prior target
TT3A,88,CHRCHL,Churchill,True,8,True,,True,,verified or prior target
TT3A,89,MACARTH,MacArthur,True,8,True,,True,,verified or prior target
TT3A,90,Yes,Yes,False,4,True,,True,,verified or prior target
TT3A,91,No,No,False,3,True,,True,,verified or prior target
TT3A,92,BRM,Broom,True,5,True,,True,,verified or prior target
TT3A,93,Lamp,Lamp,False,4,True,,True,,verified or prior target
TT3A,94,WMN,Woman,True,5,True,,True,,verified or prior target
TT3B,0,SE,Look,True,4,True,,True,,verified or prior target
TT3B,1,Talk,Talk,False,4,True,,True,,verified or prior target
TT3B,2,GT,Take,True,4,True,,True,,verified or prior target
TT3B,3,Use,Use,False,4,True,,True,,verified or prior target
TT3B,4,Move,Move,False,4,True,,True,,verified or prior target
TT3B,5,Area,Area,False,4,True,,True,,verified or prior target
TT3B,6,Mill,Mill,False,4,True,,True,,verified or prior target
TT3B,7,SIM,Simon,True,5,True,,True,,verified or prior target
TT3B,8,Woman,Woman,False,5,True,,True,,verified or prior target
TT3B,9,Gun,Gun,False,4,True,,True,,verified or prior target
TT3B,10,Charm,Charm,False,5,True,,True,,verified or prior target
TT3B,11,Schmidt,Schmidt,False,7,True,,True,,verified or prior target
TT3B,12,Out,Out,False,4,True,,True,,verified or prior target
TT3B,13,Fight,Fight,False,5,True,,True,,verified or prior target
TT3B,14,Guard,Guard,False,5,True,,True,,verified or prior target
TT3B,15,Run,Run,False,4,True,,True,,verified or prior target
TT3B,16,AS,Ask,True,4,True,,True,,verified or prior target
TT3B,17,RD,Road,True,4,True,,True,,verified or prior target
TT3B,18,TX,Text,True,4,True,,True,,verified or prior target
TT3B,19,Hitler,Hitler,False,6,True,,True,,verified or prior target
TT3B,20,Cougar,Cougar,False,6,True,,True,,verified or prior target
TT1B,0,Look,Look,False,4,True,,True,,verified or prior target
TT1B,1,Talk,Talk,False,4,True,,True,,verified or prior target
TT1B,2,Move,Move,False,4,True,,True,,verified or prior target
TT1B,3,Sky,Sky,False,4,True,,True,,verified or prior target
TT1B,4,Area,Area,False,4,True,,True,,verified or prior target
TT1B,5,Museum,Museum,False,6,True,,True,,verified or prior target
TT1B,6,Sign,Sign,False,4,True,,True,,verified or prior target
TT1B,7,Body,Body,False,5,True,,True,,verified or prior target
TT1B,8,East,East,False,4,True,,True,,verified or prior target
TT1B,9,West,West,False,4,True,,True,,verified or prior target
TT1B,10,Use,Use,False,4,True,,True,,verified or prior target
TT1B,11,Fight,Fight,False,5,True,,True,,verified or prior target
TT1B,12,Poke,Poke,False,4,True,,True,,verified or prior target
TT1B,13,Walk,Walk,False,4,True,,True,,verified or prior target
TT1B,14,Pot,Pot,False,4,True,,True,,verified or prior target
TT1B,15,Case,Case,False,4,True,,True,,verified or prior target
TT1B,16,Room,Room,False,4,True,,True,,verified or prior target
TT1B,17,Girl,Girl,False,5,True,,True,,verified or prior target
TT1B,18,Fiend,Fiend,False,5,True,,True,,verified or prior target
TT1B,19,Charm,Charm,False,5,True,,True,,verified or prior target
TT1B,20,Hold,Hold,False,4,True,,True,,verified or prior target
TT1B,21,Hug,Hug,False,4,True,,True,,verified or prior target
TT1B,22,Smile,Smile,False,5,True,,True,,verified or prior target
TT1B,23,Praise,Praise,False,6,True,,True,,verified or prior target
TT1B,24,Yell,Yell,False,4,True,,True,,verified or prior target
TT1B,25,Eyes,Eyes,False,4,True,,True,,verified or prior target
TT1B,26,Nose,Nose,False,4,True,,True,,verified or prior target
TT1B,27,Ears,Ears,False,4,True,,True,,verified or prior target
TT1B,28,Chest,Chest,False,5,True,,True,,verified or prior target
TT1B,29,Man,Man,False,4,True,,True,,verified or prior target
TT1B,30,Map,Map,False,4,True,,True,,verified or prior target
TT1B,31,North,North,False,5,True,,True,,verified or prior target
TT1B,32,House,House,False,5,True,,True,,verified or prior target
TT1B,33,Plate,Plate,False,5,True,,True,,verified or prior target
TT1B,34,Call,Call,False,4,True,,True,,verified or prior target
TT1B,35,News,News,False,4,True,,True,,verified or prior target
TT1B,36,Lens,Lens,False,4,True,,True,,verified or prior target
TT1B,37,Picture,Picture,False,7,True,,True,,verified or prior target
TT1B,38,Elder,Elder,False,5,True,,True,,verified or prior target
TT1B,39,Out,Out,False,4,True,,True,,verified or prior target
TT1B,40,Land,Land,False,4,True,,True,,verified or prior target
TT1B,41,Go,Go,False,3,True,,True,,verified or prior target
TT1B,42,Back,Back,False,5,True,,True,,verified or prior target
TT1B,43,Simon,Simon,False,5,True,,True,,verified or prior target
TT1B,44,In,In,False,3,True,,True,,verified or prior target
TT1B,45,Ask,Ask,False,4,True,,True,,verified or prior target
TT1B,46,Church,Church,False,6,True,,True,,verified or prior target
TT1B,47,Priest,Priest,False,6,True,,True,,verified or prior target
TT1B,48,Member,Member,False,6,True,,True,,verified or prior target
TT1B,49,Sermon,Sermon,False,6,True,,True,,verified or prior target
TT1B,50,Devil,Devil,False,5,True,,True,,verified or prior target
TT1B,51,Belt,Belt,False,5,True,,True,,verified or prior target
TT1B,52,Run,Run,False,4,True,,True,,verified or prior target
TT2,0,SE,Look,True,4,True,,True,,verified or prior target
TT2,1,Talk,Talk,False,4,True,,True,,verified or prior target
TT2,2,GT,Take,True,4,True,,True,,verified or prior target
TT2,3,Use,Use,False,4,True,,True,,verified or prior target
TT2,4,AS,Ask,True,4,True,,True,,verified or prior target
TT2,5,SN,Smell,True,5,True,,True,,verified or prior target
TT2,6,Move,Move,False,4,True,,True,,verified or prior target
TT2,7,In,In,False,3,True,,True,,verified or prior target
TT2,8,Pierre,Pierre,False,6,True,,True,,verified or prior target
TT2,9,BOD,Body,True,5,True,,True,,verified or prior target
TT2,10,GLS,Glass,True,5,True,,True,,verified or prior target
TT2,11,Wine,Wine,False,4,True,,True,,verified or prior target
TT2,12,Empty,Empty,False,5,True,,True,,verified or prior target
TT2,13,DR,Drink,True,5,True,,True,,verified or prior target
TT2,14,RB,Robe,True,4,True,,True,,verified or prior target
TT2,15,KY,Key,True,4,True,,True,,verified or prior target
TT2,16,Out,Out,False,4,True,,True,,verified or prior target
TT2,17,Data,Data,False,4,True,,True,,verified or prior target
TT2,18,Walk,Walk,False,4,True,,True,,verified or prior target
TT2,19,Area,Area,False,4,True,,True,,verified or prior target
TT2,20,Sign,Sign,False,4,True,,True,,verified or prior target
TT2,21,Post,Post,False,4,True,,True,,verified or prior target
TT2,22,BT,Bottle,True,6,True,,True,,verified or prior target
TT2,23,On,Wear,True,4,True,,True,,verified or prior target
TT2,24,Of,Remove,True,6,True,,True,,verified or prior target
TT2,25,Man,Man,False,4,True,,True,,verified or prior target
TT2,26,DAM,Damascus,True,7,True,,True,,verified or prior target
TT2,27,JERUS,Jerusalem,True,8,True,,True,,verified or prior target
TT2,28,CRI,Crimea,True,6,True,,True,,reviewed: くりみあ
TT2,29,100,Hundred Years,True,11,True,,True,,verified or prior target
TT2,30,PAC,Pacific,True,7,True,,True,,reviewed: たいへいよう
TT2,31,MER,Merchants,True,8,True,,True,,verified or prior target
TT2,32,COM,Commoners,True,8,True,,True,,verified or prior target
TT2,33,ACT,Actors,True,6,True,,True,,reviewed: げいにん
TT2,34,CRK,Criminals,True,9,True,,True,,reviewed: ざいにん
TT2,35,GDE,Guild,True,5,True,,True,,verified or prior target
TT2,36,ZOI,Zois,True,5,True,,True,,reviewed: retained established romanization
TT2,37,GEL,Geld,True,5,True,,True,,reviewed: ゲルド
TT2,38,GLD,Guild,True,5,True,,True,,reviewed: ぎるど
TT2,39,OID,Oido,True,5,True,,True,,reviewed: おいど
TT2,40,VINCI,da Vinci,True,7,True,,True,,verified or prior target
TT2,41,CST,Lacoste,True,7,True,,True,,reviewed: ら・こすて
TT2,42,PAL,De Palma,True,8,True,,True,,reviewed: で・ぱるま
TT2,43,NIRO,Nero,True,4,True,,True,,verified or prior target
TT2,44,DAN,Dante,True,5,True,,True,,verified or prior target
TT2,45,THA,U Thant,True,7,True,,True,,reviewed: う・たんと
TT2,46,TLS,Tools,True,5,True,,True,,reviewed: どうぐ
TT2,47,Move,Move,False,4,True,,True,,verified or prior target
TT2,48,BOX,Box,True,4,True,,True,,verified or prior target
TT2,49,Chino,Chino,False,5,True,,True,,verified or prior target
TT2,50,Gordo,Gordo,False,5,True,,True,,verified or prior target
TT2,51,WT,White,True,5,True,,True,,verified or prior target
TT2,52,No,No,False,3,True,,True,,verified or prior target
TT2,53,Lugot,Lugot,False,5,True,,True,,verified or prior target
TT2,54,Yes,Yes,False,4,True,,True,,verified or prior target
TT2,55,No,No,False,3,True,,True,,verified or prior target
TT2,56,AL,All,True,4,True,,True,,verified or prior target
TT2,57,Guard,Guard,False,5,True,,True,,verified or prior target
TT2,58,Crowd,Crowd,False,5,True,,True,,verified or prior target
TT2,59,BLD,Building,True,8,True,,True,,verified or prior target
TT2,60,Jail,Jail,False,5,True,,True,,verified or prior target
TT2,61,TN,Town,True,4,True,,True,,verified or prior target
TT2,62,Jail,Jail,False,5,True,,True,,verified or prior target
TT2,63,WMN,Woman,True,5,True,,True,,verified or prior target
TT2,64,CEL,Cell,True,4,True,,True,,verified or prior target
TT2,65,Bishop,Bishop,False,6,True,,True,,verified or prior target
TT2,66,Jeanne,Jeanne,False,6,True,,True,,verified or prior target
TT2,67,Rope,Rope,False,4,True,,True,,verified or prior target
TT2,68,Lamp,Lamp,False,4,True,,True,,verified or prior target
TT2,69,Cell,Cell,False,4,True,,True,,verified or prior target
T22,0,Look,Look,False,4,True,,True,,verified or prior target
T22,1,Talk,Talk,False,4,True,,True,,verified or prior target
T22,2,Use,Use,False,4,True,,True,,verified or prior target
T22,3,AS,Ask,True,4,True,,True,,verified or prior target
T22,4,Move,Move,False,4,True,,True,,verified or prior target
T22,5,Baron,Baron,False,5,True,,True,,verified or prior target
T22,6,Jailer,Jailer,False,6,True,,True,,verified or prior target
T22,7,WMN,Woman,True,5,True,,True,,verified or prior target
T22,8,RB,Robe,True,4,True,,True,,verified or prior target
T22,9,KY,Key,True,4,True,,True,,verified or prior target
T22,10,PACT,Pact,True,4,True,,True,,verified or prior target
T22,11,Of,Remove,True,6,True,,True,,verified or prior target
T22,12,CEL,Cell,True,4,True,,True,,verified or prior target
T22,13,Out,Out,False,4,True,,True,,verified or prior target
T22,14,GT,Take,True,4,True,,True,,verified or prior target
T22,15,PS,Passage,True,7,True,,True,,verified or prior target
T22,16,In,In,False,3,True,,True,,verified or prior target
T22,17,Chino,Chino,False,5,True,,True,,verified or prior target
T22,18,WL,Well,True,4,True,,True,,verified or prior target
T22,19,Rope,Rope,False,4,True,,True,,verified or prior target
T22,20,HL,Hill,True,4,True,,True,,verified or prior target
T22,21,JAL,Jail,True,5,True,,True,,verified or prior target
T22,22,Open,Open,False,4,True,,True,,verified or prior target
T22,23,B,Box,True,4,True,,True,,reviewed: はこ
T22,24,PPR,Paper,True,5,True,,True,,verified or prior target
T22,25,BCK,Back,True,5,True,,True,,verified or prior target
T22,26,Scaffold,Scaffold,False,7,True,,True,,verified or prior target
T22,27,Jeanne,Jeanne,False,6,True,,True,,verified or prior target
T22,28,Bishop,Bishop,False,6,True,,True,,verified or prior target
T22,29,Lugot,Lugot,False,5,True,,True,,verified or prior target
T22,30,Crowd,Crowd,False,5,True,,True,,verified or prior target
T22,31,PRIS,Prison,True,6,True,,True,,verified or prior target
T22,32,Move,Move,False,4,True,,True,,verified or prior target
TT6C,0,SE,Look,True,4,True,,True,,verified or prior target
TT6C,1,D,Down,True,4,True,,True,,verified or prior target
TT6C,2,Leap,Leap,False,4,True,,True,,verified or prior target
TT6C,3,GT,Take,True,4,True,,True,,verified or prior target
TT6C,4,JR,Jar,True,4,True,,True,,verified or prior target
TT6C,5,Talk,Talk,False,4,True,,True,,verified or prior target
TT6C,6,AS,Ask,True,4,True,,True,,verified or prior target
TT6C,7,Eat,Eat,False,4,True,,True,,verified or prior target
TT6C,8,Use,Use,False,4,True,,True,,verified or prior target
TT6C,9,Room,Room,False,4,True,,True,,verified or prior target
TT6C,10,JOS,Joseph,True,6,True,,True,,verified or prior target
TT6C,11,Mary,Mary,False,4,True,,True,,verified or prior target
TT6C,12,B,Baby,True,5,True,,True,,verified or prior target
TT6C,13,Men,Men,False,4,True,,True,,verified or prior target
TT6C,14,MY BOD,My body,True,7,True,,True,,verified or prior target
TT6C,15,KSH,Kashim,True,6,True,,True,,verified or prior target
TT6C,16,BOD,Body,True,5,True,,True,,verified or prior target
TT6C,17,TBELT,Time Belt,True,8,True,,True,,verified or prior target
TT6C,18,Move,Move,False,4,True,,True,,verified or prior target
TT6C,19,Open,Open,False,4,True,,True,,verified or prior target
TT6C,20,Move,Move,False,4,True,,True,,verified or prior target
TT6C,21,Area,Area,False,4,True,,True,,verified or prior target
TT6C,22,GND,Ground,True,6,True,,True,,verified or prior target
TT6C,23,HL,Hill,True,4,True,,True,,verified or prior target
TT6C,24,PNL,Panel,True,5,True,,True,,verified or prior target
TT6C,25,YS,Yes,True,4,True,,True,,verified or prior target
TT6C,26,LD,Lid,True,4,True,,True,,verified or prior target
TT6C,27,N,North,True,5,True,,True,,verified or prior target
TT6C,28,East,East,False,4,True,,True,,verified or prior target
TT6C,29,W,West,True,4,True,,True,,verified or prior target
TT6C,30,S,South,True,5,True,,True,,verified or prior target
TT6C,31,RD,Road,True,4,True,,True,,verified or prior target
TT6C,32,Bones,Bones,False,5,True,,True,,verified or prior target
TT6C,33,P,Paper,True,5,True,,True,,verified or prior target
TT6C,34,TX,Text,True,4,True,,True,,verified or prior target
TT6C,35,OT,Outside,True,7,True,,True,,verified or prior target
TT6C,36,4,Four,True,4,True,,True,,verified or prior target
TT6C,37,5,Five,True,4,True,,True,,verified or prior target
TT6C,38,6,Six,True,4,True,,True,,verified or prior target
TT6C,39,7,Seven,True,5,True,,True,,verified or prior target
TT6C,40,Cougar,Cougar,False,6,True,,True,,verified or prior target
TT6C,41,Ruger,Ruger,False,5,True,,True,,verified or prior target
TT6C,42,Hauer,Hauer,False,5,True,,True,,verified or prior target
TT6C,43,Berger,Berger,False,6,True,,True,,verified or prior target
TT6C,44,GLZR,Glazier,True,7,True,,True,,verified or prior target
TT6C,45,SMT,Blacksmith,True,9,True,,True,,verified or prior target
TT6C,46,TAVN,Tavern,True,6,True,,True,,verified or prior target
TT6C,47,TLR,Tailor,True,6,True,,True,,verified or prior target
TT6C,48,CATH,Catherine,True,8,True,,True,,verified or prior target
TT6C,49,MYLEN,Mylene,True,6,True,,True,,reviewed: みれーぬ
TT6C,50,LRA,Laura,True,5,True,,True,,reviewed: ろーら
TT6C,51,ISABL,Isabel,True,6,True,,True,,verified or prior target
TT6C,52,MOROC,Morocco,True,7,True,,True,,verified or prior target
TT6C,53,REBEC,Rebecca,True,7,True,,True,,verified or prior target
TT6C,54,Bread,Bread,False,5,True,,True,,verified or prior target
TT6C,55,TRAD,Trader,True,6,True,,True,,verified or prior target
TT6C,56,AUST,Austria,True,7,True,,True,,verified or prior target
TT6C,57,FRAN,France,True,6,True,,True,,verified or prior target
TT6C,58,SWIS,Switzerland,True,10,True,,True,,verified or prior target
TT6C,59,BELG,Belgium,True,7,True,,True,,verified or prior target
TT6C,60,PLANT,Plantain,True,7,True,,True,,verified or prior target
TT6C,61,Amacha,Amacha,False,6,True,,True,,verified or prior target
TT6C,62,DOKU,Fish mint,True,8,True,,True,,verified or prior target
TT6C,63,SENBR,Swertia,True,7,True,,True,,verified or prior target
TT6C,64,DAEDL,Daedalus,True,7,True,,True,,verified or prior target
TT6C,65,CENTA,Centaur,True,7,True,,True,,verified or prior target
TT6C,66,ATL,Atlas,True,5,True,,True,,verified or prior target
TT6C,67,CERBR,Cerberus,True,7,True,,True,,verified or prior target
TT6C,68,Fred,Fred,False,4,True,,True,,verified or prior target
TT6C,69,Bob,Bob,False,4,True,,True,,verified or prior target
TT6C,70,TM,Tom,True,4,True,,True,,reviewed: とむ
TT6C,71,JM,Jim,True,4,True,,True,,reviewed: じむ
TT6C,72,SRW,Serow,True,5,True,,True,,verified or prior target
TT6C,73,COY,Coyote,True,6,True,,True,,verified or prior target
TT6C,74,REIN,Reindeer,True,7,True,,True,,verified or prior target
TT6C,75,Puma,Puma,False,4,True,,True,,verified or prior target
TT6C,76,Gold,Gold,False,5,True,,True,,verified or prior target
TT6C,77,Silver,Silver,False,6,True,,True,,verified or prior target
TT6C,78,Copper,Copper,False,6,True,,True,,verified or prior target
TT6C,79,Tin,Tin,False,4,True,,True,,verified or prior target
TT6C,80,MAGDA,Magdala,True,7,True,,True,,verified or prior target
TT6C,81,NZR,Nazareth,True,7,True,,True,,verified or prior target
TT6C,82,BETH,Bethlehem,True,8,True,,True,,verified or prior target
TT6C,83,JERUS,Jerusalem,True,8,True,,True,,verified or prior target
TT6C,84,BISH,Bishop,True,6,True,,True,,verified or prior target
TT6C,85,Meyer,Meyer,False,5,True,,True,,verified or prior target
TT6C,86,Hitler,Hitler,False,6,True,,True,,verified or prior target
TT6C,87,Nick,Nick,False,4,True,,True,,verified or prior target
TT6C,88,JEAN,Jeanne,True,6,True,,True,,verified or prior target
TT6C,89,ALEX,Alexander,True,8,True,,True,,verified or prior target
TT6C,90,LINC,Lincoln,True,7,True,,True,,verified or prior target
TT6C,91,Left,Left,False,4,True,,True,,verified or prior target
TT6C,92,Up,Up,False,3,True,,True,,verified or prior target
TT6C,93,R,Right,True,5,True,,True,,verified or prior target
TT6B,0,SE,Look,True,4,True,,True,,verified or prior target
TT6B,1,AS,Ask,True,4,True,,True,,verified or prior target
TT6B,2,SM,Smell,True,5,True,,True,,verified or prior target
TT6B,3,Hold,Hold,False,4,True,,True,,verified or prior target
TT6B,4,Move,Move,False,4,True,,True,,verified or prior target
TT6B,5,Area,Area,False,4,True,,True,,verified or prior target
TT6B,6,JOS,Joseph,True,6,True,,True,,verified or prior target
TT6B,7,Mary,Mary,False,4,True,,True,,verified or prior target
TT6B,8,BOD,Body,True,5,True,,True,,verified or prior target
TT6B,9,SL,Soil,True,4,True,,True,,verified or prior target
TT6B,10,GLR,Glare,True,5,True,,True,,verified or prior target
TT6B,11,Yell,Yell,False,4,True,,True,,verified or prior target
TT6B,12,Tongue,Tongue,False,6,True,,True,,verified or prior target
TT6B,13,Wink,Wink,False,4,True,,True,,verified or prior target
TT6B,14,Talk,Talk,False,4,True,,True,,verified or prior target
TT6B,15,Eat,Eat,False,4,True,,True,,verified or prior target
TT6B,16,Tent,Tent,False,4,True,,True,,verified or prior target
TT6B,17,Camel,Camel,False,5,True,,True,,verified or prior target
TT6B,18,Men,Men,False,4,True,,True,,verified or prior target
TT6B,19,N,North,True,5,True,,True,,verified or prior target
TT6B,20,East,East,False,4,True,,True,,verified or prior target
TT6B,21,W,West,True,4,True,,True,,verified or prior target
TT6B,22,S,South,True,5,True,,True,,verified or prior target
TT6B,23,FWD,Forward,True,7,True,,True,,verified or prior target
TT6B,24,BCK,Back,True,5,True,,True,,verified or prior target
TT6B,25,Fight,Fight,False,5,True,,True,,verified or prior target
TT6B,26,Walk,Walk,False,4,True,,True,,verified or prior target
TT6B,27,Room,Room,False,4,True,,True,,verified or prior target
TT6B,28,TRGH,Trough,True,6,True,,True,,verified or prior target
TT6B,29,HR,Horse,True,5,True,,True,,verified or prior target
TT6B,30,Sheep,Sheep,False,5,True,,True,,verified or prior target
TT6B,31,Cow,Cow,False,4,True,,True,,verified or prior target
TT6B,32,Dung,Dung,False,4,True,,True,,verified or prior target
TT6B,33,WIS,Wisdom,True,6,True,,True,,verified or prior target
TT6B,34,KNOW,Knowledge,True,8,True,,True,,verified or prior target
TT6B,35,Isis,Isis,False,4,True,,True,,verified or prior target
TT6B,36,BAL,Baal,True,5,True,,True,,verified or prior target
TT6B,37,JHV,Jehovah,True,7,True,,True,,verified or prior target
TT6B,38,Iraq,Iraq,False,4,True,,True,,verified or prior target
TT6B,39,JORDN,Jordan,True,6,True,,True,,verified or prior target
TT6B,40,SYR,Syria,True,5,True,,True,,verified or prior target
TT6B,41,Egypt,Egypt,False,5,True,,True,,verified or prior target
TT6B,42,David,David,False,5,True,,True,,verified or prior target
TT6B,43,SOLO,Solomon,True,7,True,,True,,verified or prior target
TT6B,44,SAM,Samson,True,6,True,,True,,verified or prior target
TT6B,45,JAC,Jacob,True,5,True,,True,,verified or prior target
TT6B,46,ISC,Isaac,True,5,True,,True,,verified or prior target
TT6B,47,SADM,Saddam,True,6,True,,True,,verified or prior target
TT6B,48,ABRAM,Abraham,True,7,True,,True,,verified or prior target
TT6B,49,SATN,Satan,True,5,True,,True,,verified or prior target
TT6B,50,CST,Christ,True,6,True,,True,,verified or prior target
TT6B,51,ZORO,Zoroaster,True,8,True,,True,,verified or prior target
TT6B,52,Oil,Oil,False,4,True,,True,,verified or prior target
TT6B,53,Hay,Hay,False,4,True,,True,,verified or prior target
TT6B,54,Wag,Wag,False,4,True,,True,,verified or prior target
TT6B,55,Fleas,Fleas,False,5,True,,True,,verified or prior target
TT6B,56,Hug,Hug,False,4,True,,True,,verified or prior target
TT6B,57,Smile,Smile,False,5,True,,True,,verified or prior target
TT6B,58,PRSE,Praise,True,6,True,,True,,verified or prior target
TT6B,59,Hoof,Hoof,False,4,True,,True,,verified or prior target
TT6B,60,Tail,Tail,False,4,True,,True,,verified or prior target
TT6B,61,Mane,Mane,False,4,True,,True,,verified or prior target
TT6A,0,SE,Look,True,4,True,,True,,verified or prior target
TT6A,1,AS,Ask,True,4,True,,True,,verified or prior target
TT6A,2,SM,Smell,True,5,True,,True,,verified or prior target
TT6A,3,Hold,Hold,False,4,True,,True,,verified or prior target
TT6A,4,Move,Move,False,4,True,,True,,verified or prior target
TT6A,5,Area,Area,False,4,True,,True,,verified or prior target
TT6A,6,SK,Sky,True,4,True,,True,,verified or prior target
TT6A,7,BOD,Body,True,5,True,,True,,verified or prior target
TT6A,8,Joseph,Joseph,False,6,True,,True,,verified or prior target
TT6A,9,Nod,Nod,False,4,True,,True,,verified or prior target
TT6A,10,Turn,Turn,False,4,True,,True,,verified or prior target
TT6A,11,SL,Soil,True,4,True,,True,,verified or prior target
TT6A,12,VL,Village,True,7,True,,True,,verified or prior target
TT6A,13,DR,Drink,True,5,True,,True,,verified or prior target
TT6A,14,Data,Data,False,4,True,,True,,verified or prior target
TT6A,15,Elder,Elder,False,5,True,,True,,verified or prior target
TT6A,16,Kid,Kid,False,4,True,,True,,verified or prior target
TT6A,17,WL,Well,True,4,True,,True,,verified or prior target
TT6A,18,TRGH,Trough,True,6,True,,True,,verified or prior target
TT6A,19,RP,Rope,True,4,True,,True,,verified or prior target
TT6A,20,Hay,Hay,False,4,True,,True,,verified or prior target
TT6A,21,Water,Water,False,5,True,,True,,verified or prior target
TT6A,22,Hill,Hill,False,4,True,,True,,verified or prior target
TT6A,23,R H,Right house,True,10,True,,True,,verified or prior target
TT6A,24,L HSE,Left house,True,9,True,,True,,verified or prior target
TT6A,25,RV,River,True,5,True,,True,,verified or prior target
TT6A,26,Room,Room,False,4,True,,True,,verified or prior target
TT6A,27,Mary,Mary,False,4,True,,True,,verified or prior target
TT6A,28,BL,Bowl,True,5,True,,True,,verified or prior target
TT6A,29,Mill,Mill,False,4,True,,True,,verified or prior target
TT6A,30,BRC,Bracelet,True,8,True,,True,,verified or prior target
TT6A,31,NECK,Necklace,True,7,True,,True,,verified or prior target
TT6A,32,WT,Wheat,True,5,True,,True,,verified or prior target
TT6A,33,Out,Out,False,4,True,,True,,verified or prior target
TT6A,34,On,On,False,3,True,,True,,verified or prior target
TT6A,35,Down,Down,False,4,True,,True,,verified or prior target
TT6A,36,TOOL,Tools,True,5,True,,True,,verified or prior target
TT6A,37,BD,Stand,True,5,True,,True,,verified or prior target
TT6A,38,ON BD,On stand,True,7,True,,True,,verified or prior target
TT6A,39,Tile,Tile,False,4,True,,True,,verified or prior target
TT6A,40,Kids,Kids,False,5,True,,True,,verified or prior target
TT4,0,SE,Look,True,4,True,,True,,verified or prior target
TT4,1,Talk,Talk,False,4,True,,True,,verified or prior target
TT4,2,Treat,Treat,False,5,True,,True,,verified or prior target
TT4,3,Use,Use,False,4,True,,True,,verified or prior target
TT4,4,S,Silver coin,True,11,True,,True,,reviewed: ぎんか
TT4,5,Move,Move,False,4,True,,True,,verified or prior target
TT4,6,In,In,False,3,True,,True,,verified or prior target
TT4,7,STAT,Statue,True,6,True,,True,,verified or prior target
TT4,8,PRST,Priest,True,6,True,,True,,verified or prior target
TT4,9,HD,Head,True,4,True,,True,,verified or prior target
TT4,10,Slap,Slap,False,4,True,,True,,verified or prior target
TT4,11,Press,Press,False,5,True,,True,,verified or prior target
TT4,12,Chin,Chin,False,4,True,,True,,verified or prior target
TT4,13,Knee,Knee,False,5,True,,True,,verified or prior target
TT4,14,Ears,Ears,False,4,True,,True,,verified or prior target
TT4,15,Eyes,Eyes,False,4,True,,True,,verified or prior target
TT4,16,Nose,Nose,False,4,True,,True,,verified or prior target
TT4,17,Pause,Pause,False,5,True,,True,,verified or prior target
TT4,18,CONT,Continuous,True,9,True,,True,,verified or prior target
TT4,19,O,Olive,True,5,True,,True,,reviewed: おりーぶ
TT4,20,Oil,Oil,False,4,True,,True,,verified or prior target
TT4,21,BL,Bell,True,5,True,,True,,verified or prior target
TT4,22,GV,Give,True,5,True,,True,,verified or prior target
TT4,23,Eat,Eat,False,4,True,,True,,verified or prior target
TT4,24,Lick,Lick,False,4,True,,True,,verified or prior target
TT4,25,Out,Out,False,4,True,,True,,verified or prior target
TT4,26,Area,Area,False,4,True,,True,,verified or prior target
TT4,27,BLD,Building,True,8,True,,True,,verified or prior target
TT4,28,MRCH,Merchant,True,7,True,,True,,verified or prior target
TT4,29,Man,Man,False,4,True,,True,,verified or prior target
TT4,30,BOD,Body,True,5,True,,True,,verified or prior target
TT4,31,SL,Soil,True,4,True,,True,,verified or prior target
TT4,32,BY,Buy,True,4,True,,True,,verified or prior target
TT4,33,H,Herb,True,4,True,,True,,reviewed: やくそう
TT4,34,No,No,False,3,True,,True,,verified or prior target
TT4,35,TMPL,Temple,True,6,True,,True,,verified or prior target
TT4,36,S,South,True,5,True,,True,,reviewed: みなみ
TT4,37,Data,Data,False,4,True,,True,,verified or prior target
TT4,38,DAR,Dario,True,5,True,,True,,verified or prior target
TT4,39,Youth,Youth,False,5,True,,True,,verified or prior target
TT4,40,Up,Up,False,3,True,,True,,verified or prior target
TT4,41,Down,Down,False,4,True,,True,,verified or prior target
TT4,42,LVL,Level,True,5,True,,True,,verified or prior target
TT4,43,Warm,Warm,False,4,True,,True,,verified or prior target
TT4,44,Cool,Cool,False,4,True,,True,,verified or prior target
TT4,45,RB,Massage,True,7,True,,True,,verified or prior target
TT4,46,Crush,Crush,False,5,True,,True,,verified or prior target
TT4,47,Prick,Prick,False,5,True,,True,,verified or prior target
TT4,48,None,None,False,4,True,,True,,verified or prior target
TT4,49,Oil,Oil,False,4,True,,True,,verified or prior target
TT4,50,Wrap,Wrap,False,4,True,,True,,verified or prior target
TT4,51,N,North,True,5,True,,True,,verified or prior target
TT4,52,East,East,False,4,True,,True,,verified or prior target
TT4,53,W,West,True,4,True,,True,,verified or prior target
TT4,54,GRL,Girl,True,5,True,,True,,verified or prior target
TT4,55,MOM,Mother,True,6,True,,True,,verified or prior target
TT4,56,Plant,Plant,False,5,True,,True,,verified or prior target
TT4,57,DOKU,Fish mint,True,8,True,,True,,verified or prior target
TT4,58,JIAO,Jiaogulan,True,8,True,,True,,verified or prior target
TT4,59,Grind,Grind,False,5,True,,True,,verified or prior target
TT4,60,Boil,Boil,False,5,True,,True,,verified or prior target
TT4,61,RD,Road,True,4,True,,True,,verified or prior target
TT4,62,TK,Take,True,4,True,,True,,verified or prior target
TT4,63,SOL,Soldier,True,7,True,,True,,verified or prior target
TT4,64,SP,Spear,True,5,True,,True,,verified or prior target
TT4,65,Swing,Swing,False,5,True,,True,,verified or prior target
TT4,66,BCK,Back,True,5,True,,True,,verified or prior target
TT4,67,Walk,Walk,False,4,True,,True,,verified or prior target
TT4,68,SOCR,Socrates,True,7,True,,True,,verified or prior target
TT4,69,PYTH,Pythagoras,True,9,True,,True,,verified or prior target
TT4,70,Plato,Plato,False,5,True,,True,,verified or prior target
TT4,71,HEROD,Herodotus,True,8,True,,True,,verified or prior target
TT4,72,HOM,Homer,True,5,True,,True,,verified or prior target
TT4,73,Sea,Sea,False,4,True,,True,,verified or prior target
TT4,74,Fish,Fish,False,4,True,,True,,verified or prior target
TT4,75,Kid,Kid,False,4,True,,True,,verified or prior target
TT4,76,NIC,Nicras,True,6,True,,True,,verified or prior target
TT4,77,POL,Polis,True,5,True,,True,,verified or prior target
TT4,78,Aris,Aristotle,True,8,True,,True,,verified or prior target
TT4,79,IMEL,Imelda,True,6,True,,True,,verified or prior target
TT4,80,JAKAR,Jakarta,True,7,True,,True,,verified or prior target
TT4,81,SPAR,Sparta,True,6,True,,True,,verified or prior target
TT4,82,DAEDAL,Daedalus,True,7,True,,True,,verified or prior target
TT4,83,HERAC,Heracles,True,7,True,,True,,verified or prior target
TT4,84,NAPOL,Napoleon,True,7,True,,True,,verified or prior target
TT4,85,GORBY,Gorbachev,True,8,True,,True,,verified or prior target
TT4,86,AGAM,Agamemnon,True,8,True,,True,,verified or prior target
TT4,87,KAN,Kannon,True,6,True,,True,,verified or prior target
TT4,88,PARTSN,Partisan,True,7,True,,True,,verified or prior target
TT4,89,AISNO,Aisnon,True,6,True,,True,,verified or prior target
TT4,90,PARTH,Parthenon,True,8,True,,True,,verified or prior target
TT4,91,STR,Strawberry,True,9,True,,True,,verified or prior target
TT4,92,MEL,Melon,True,5,True,,True,,verified or prior target
TT4,93,Fig,Fig,False,4,True,,True,,verified or prior target
TT4,94,Rice,Rice,False,4,True,,True,,verified or prior target
TT4,95,Pearl,Pearl,False,5,True,,True,,verified or prior target
TT4,96,COFE,Coffee,True,6,True,,True,,verified or prior target
TT5,0,SE,Look,True,4,True,,True,,verified or prior target
TT5,1,Talk,Talk,False,4,True,,True,,verified or prior target
TT5,2,AS,Ask,True,4,True,,True,,verified or prior target
TT5,3,Move,Move,False,4,True,,True,,verified or prior target
TT5,4,George,George,False,6,True,,True,,verified or prior target
TT5,5,BL,Bell,True,5,True,,True,,verified or prior target
TT5,6,Men,Men,False,4,True,,True,,verified or prior target
TT5,7,Area,Area,False,4,True,,True,,verified or prior target
TT5,8,RUIN,Ruins,True,5,True,,True,,verified or prior target
TT5,9,TRACK,Hoofprints,True,9,True,,True,,verified or prior target
TT5,10,N,North,True,5,True,,True,,verified or prior target
TT5,11,East,East,False,4,True,,True,,verified or prior target
TT5,12,W,West,True,4,True,,True,,verified or prior target
TT5,13,GT,Take,True,4,True,,True,,verified or prior target
TT5,14,Open,Open,False,4,True,,True,,verified or prior target
TT5,15,Data,Data,False,4,True,,True,,verified or prior target
TT5,16,Room,Room,False,4,True,,True,,verified or prior target
TT5,17,MN,Money,True,5,True,,True,,verified or prior target
TT5,18,WD,Woods,True,5,True,,True,,verified or prior target
TT5,19,Drawer,Drawer,False,6,True,,True,,verified or prior target
TT5,20,Out,Out,False,4,True,,True,,verified or prior target
TT5,21,Use,Use,False,4,True,,True,,verified or prior target
TT5,22,CT,Cotton,True,6,True,,True,,verified or prior target
TT5,23,YS,Yes,True,4,True,,True,,verified or prior target
TT5,24,No,No,False,3,True,,True,,verified or prior target
TT5,25,OK,Okay,True,4,True,,True,,verified or prior target
TT5,26,Again,Again,False,5,True,,True,,verified or prior target
TT5,27,Schedule,Schedule,False,7,True,,True,,verified or prior target
TT5,28,Call,Call,False,4,True,,True,,verified or prior target
TT5,29,Water,Water,False,5,True,,True,,verified or prior target
TT5,30,COT,Cotton,True,6,True,,True,,verified or prior target
TT5,31,Roof,Roof,False,4,True,,True,,verified or prior target
TT5,32,Wood,Wood,False,4,True,,True,,verified or prior target
TT5,33,Weed,Weed,False,4,True,,True,,verified or prior target
TT5,34,4B,4 cups,True,6,True,,True,,reviewed: 4はい
TT5,35,6B,6 cups,True,6,True,,True,,reviewed: 6ぱい
TT5,36,8B,8 cups,True,6,True,,True,,reviewed: 8ぱい
TT5,37,10B,10 cups,True,7,True,,True,,reviewed: 10ぱい
TT5,38,25,25 baskets,True,10,True,,True,,verified or prior target
TT5,39,26,26 baskets,True,10,True,,True,,verified or prior target
TT5,40,27,27 baskets,True,10,True,,True,,verified or prior target
TT5,41,28,28 baskets,True,10,True,,True,,verified or prior target
TT5,42,1P,1 place,True,7,True,,True,,reviewed: 1かしょ
TT5,43,2P,2 places,True,8,True,,True,,reviewed: 2かしょ
TT5,44,3P,3 places,True,8,True,,True,,reviewed: 3かしょ
TT5,45,4P,4 places,True,8,True,,True,,reviewed: 4かしょ
TT5,46,60 CM,60 centimeters,True,13,True,,True,,verified or prior target
TT5,47,65 CM,65 centimeters,True,13,True,,True,,verified or prior target
TT5,48,70 CM,70 centimeters,True,13,True,,True,,verified or prior target
TT5,49,75 CM,75 centimeters,True,13,True,,True,,verified or prior target
TT5,50,30M,30 minutes,True,10,True,,True,,verified or prior target
TT5,51,60M,60 minutes,True,10,True,,True,,verified or prior target
TT5,52,90M,90 minutes,True,10,True,,True,,verified or prior target
TT5,53,120M,120 minutes,True,11,True,,True,,verified or prior target
TT5,54,TM,Time,True,4,True,,True,,verified or prior target
TT5,55,Trader,Trader,False,6,True,,True,,verified or prior target
TT5,56,Marine,Marine,False,6,True,,True,,verified or prior target
TT5,57,CAV,Cavalry,True,7,True,,True,,verified or prior target
TT5,58,Red,Red,False,4,True,,True,,verified or prior target
TT5,59,WT,White,True,5,True,,True,,verified or prior target
TT5,60,BK,Black,True,5,True,,True,,verified or prior target
TT5,61,DEWI,Madame Dewi,True,10,True,,True,,verified or prior target
TT5,62,STOWE,Mrs. Stowe,True,9,True,,True,,verified or prior target
TT5,63,AKINO,Mrs. Akino,True,9,True,,True,,verified or prior target
TT5,64,MARY,Mrs. Mary,True,8,True,,True,,verified or prior target
TT5,65,Whitney,Whitney,False,7,True,,True,,verified or prior target
TT5,66,KILAU,Kilauea,True,7,True,,True,,verified or prior target
TT5,67,Etna,Etna,False,4,True,,True,,verified or prior target
TT5,68,RUSH,Rushmore,True,7,True,,True,,verified or prior target
TT5,69,OIWA,Oiwake,True,6,True,,True,,verified or prior target
TT5,70,PROJ,Projector,True,8,True,,True,,verified or prior target
TT5,71,Gin,Gin,False,4,True,,True,,verified or prior target
TT5,72,Plow,Plow,False,4,True,,True,,verified or prior target
TT5,73,Camera,Camera,False,6,True,,True,,verified or prior target
TT5,74,AIR,Airplane,True,7,True,,True,,verified or prior target
TT5,75,VCR,VCR,False,4,True,,True,,verified or prior target
TT5,76,BCK,Back,True,5,True,,True,,verified or prior target
TT5,77,ANS,Answer,True,6,True,,True,,verified or prior target
TT5,78,PROB,Problem,True,7,True,,True,,verified or prior target
TT5,79,CW,Cow,True,4,True,,True,,verified or prior target
TT5,80,SHP,Sheep,True,5,True,,True,,verified or prior target
TT5,81,PG,Pig,True,4,True,,True,,verified or prior target
TT5,82,1,One,True,4,True,,True,,verified or prior target
TT5,83,2,Two,True,4,True,,True,,verified or prior target
TT5,84,3,Three,True,5,True,,True,,verified or prior target
TT5,85,4,Four,True,4,True,,True,,verified or prior target
TT5,86,5,Five,True,4,True,,True,,verified or prior target
TT5,87,6,Six,True,4,True,,True,,verified or prior target
TT5,88,7,Seven,True,5,True,,True,,verified or prior target
TT5,89,8,Eight,True,5,True,,True,,verified or prior target
TT5,90,Tens,Tens,False,4,True,,True,,verified or prior target
TT5,91,Ones,Ones,False,4,True,,True,,verified or prior target
TT5,92,0,Zero,True,5,True,,True,,verified or prior target
TT5,93,1,One,True,4,True,,True,,verified or prior target
TT5,94,2,Two,True,4,True,,True,,verified or prior target
TT5,95,3,Three,True,5,True,,True,,verified or prior target
TT5,96,4,Four,True,4,True,,True,,verified or prior target
TT5,97,5,Five,True,4,True,,True,,verified or prior target
TT5,98,6UP,Six up,True,6,True,,True,,verified or prior target
TT5,99,6,Six,True,4,True,,True,,verified or prior target
TT5,100,7,Seven,True,5,True,,True,,verified or prior target
TT5,101,8,Eight,True,5,True,,True,,verified or prior target
TT5,102,9,Nine,True,4,True,,True,,verified or prior target
TT5,103,Pour,Pour,False,4,True,,True,,verified or prior target
TT5,104,End,End,False,4,True,,True,,verified or prior target
TT5,105,Large,Large,False,5,True,,True,,verified or prior target
TT5,106,Medium,Medium,False,6,True,,True,,verified or prior target
TT5,107,SM,Small,True,5,True,,True,,verified or prior target
TT5,108,MANR,Mansion,True,7,True,,True,,verified or prior target
TT5,109,Meyer,Meyer,False,5,True,,True,,verified or prior target
TT5,110,CAVE,Cave,True,4,True,,True,,verified or prior target
TT5,111,STAT,Statue,True,6,True,,True,,verified or prior target
TT5,112,In,In,False,3,True,,True,,verified or prior target
T25,0,SE,Look,True,4,True,,True,,verified or prior target
T25,1,Talk,Talk,False,4,True,,True,,verified or prior target
T25,2,Use,Use,False,4,True,,True,,verified or prior target
T25,3,Move,Move,False,4,True,,True,,verified or prior target
T25,4,SK,Sky,True,4,True,,True,,verified or prior target
T25,5,Soldier,Soldier,False,7,True,,True,,verified or prior target
T25,6,Coffee,Coffee,False,6,True,,True,,verified or prior target
T25,7,OFR,Outside,True,7,True,,True,,verified or prior target
T25,8,Mansion,Mansion,False,7,True,,True,,verified or prior target
T25,9,Room,Room,False,4,True,,True,,verified or prior target
T25,10,WGN,Wagon,True,5,True,,True,,verified or prior target
T25,11,Meyer,Meyer,False,5,True,,True,,verified or prior target
T25,12,George,George,False,6,True,,True,,verified or prior target
T25,13,LINC,Lincoln,True,7,True,,True,,verified or prior target
T25,14,Pot,Pot,False,4,True,,True,,verified or prior target
T25,15,Out,Out,False,4,True,,True,,verified or prior target
T25,16,Wood,Wood,False,4,True,,True,,verified or prior target
T25,17,Hall,Hall,False,4,True,,True,,verified or prior target
T25,18,Area,Area,False,4,True,,True,,verified or prior target
T25,19,Guest,Guest,False,5,True,,True,,verified or prior target
T25,20,Study,Study,False,5,True,,True,,verified or prior target
T25,21,Stair,Stair,False,5,True,,True,,verified or prior target
T25,22,GT,Take,True,4,True,,True,,verified or prior target
T25,23,Open,Open,False,4,True,,True,,verified or prior target
T25,24,Desk,Desk,False,4,True,,True,,verified or prior target
T25,25,Drawer,Drawer,False,6,True,,True,,verified or prior target
T25,26,1ST,First,True,5,True,,True,,verified or prior target
T25,27,2ND,Second,True,6,True,,True,,verified or prior target
T25,28,3RD,Third,True,5,True,,True,,verified or prior target
T25,29,P,Picture,True,7,True,,True,,reviewed: え
T25,30,AS,Ask,True,4,True,,True,,verified or prior target
T25,31,Hide,Hide,False,4,True,,True,,verified or prior target
T25,32,Down,Down,False,4,True,,True,,verified or prior target
T25,33,Up,Up,False,3,True,,True,,verified or prior target
T25,34,On,On,False,3,True,,True,,verified or prior target
T25,35,Boat,Boat,False,5,True,,True,,verified or prior target
T25,36,Coyote,Coyote,False,6,True,,True,,verified or prior target
T25,37,RV,River,True,5,True,,True,,verified or prior target
T25,38,Me,Me,False,3,True,,True,,verified or prior target
T25,39,COY1,Coyote 1,True,8,True,,True,,verified or prior target
T25,40,COY2,Coyote 2,True,8,True,,True,,verified or prior target
T25,41,COY3,Coyote 3,True,8,True,,True,,verified or prior target
